Workbook
Name FID_1: [1]AGR_Fuels!$A$2

Sheet Comm_FIProcess
B2: ~FI_Comm | K2: ~FI_Process
B3: Csets | C3: CommName | D3: CommDesc | E3: Unit | F3: LimType | G3: CTSLvl | H3: PeakTS | I3: Ctype | K3: Sets | L3: TechName | M3: TechDesc | N3: Tact | O3: Tcap | P3: Tslvl | Q3: PrimaryCG | R3: Vintage
B4: DEM | C4: R_ES-SD-SpHeat | E4: PJ | K4: DMD | L4: R_ES-SH-SD_OIL_NE | N4: PJ | O4: GW | R4: Yes
B5: DEM | C5: R_ES-SA-SpHeat | E5: PJ | L5: R_ES-SH-SD_OIL_ME | N5: PJ | O5: GW | R5: Yes
B6: DEM | C6: R_ES-AP-SpHeat | E6: PJ | L6: R_ES-SH-SD_OIL_HE | N6: PJ | O6: GW | R6: Yes
B7: DEM | C7: R_ES-MOB-SpHeat | E7: PJ | L7: R_ES-SH-SD_GAS_NE | N7: PJ | O7: GW | R7: Yes
B8: DEM | C8: R_ES-SD-SpCool | E8: PJ | L8: R_ES-SH-SD_GAS_ME | N8: PJ | O8: GW | R8: Yes
B9: DEM | C9: R_ES-SA-SpCool | E9: PJ | L9: R_ES-SH-SD_GAS_HE | N9: PJ | O9: GW | R9: Yes
B10: DEM | C10: R_ES-AP-SpCool | E10: PJ | L10: R_ES-SH-SD_ELC | N10: PJ | O10: GW | R10: Yes
B11: DEM | C11: R_ES-MOB-SpCool | E11: PJ | L11: R_ES-SH-SD_HET | N11: PJ | O11: GW | R11: Yes
B12: DEM | C12: R_ES-SD-WatHeat | E12: PJ | L12: R_ES-SH-SD_COAPRO | N12: PJ | O12: GW | R12: Yes
B13: DEM | C13: R_ES-SA-WatHeat | E13: PJ | L13: R_ES-SH-SD_WOD | N13: PJ | O13: GW | R13: Yes
B14: DEM | C14: R_ES-AP-WatHeat | E14: PJ | L14: R_ES-SH-SD_WOD_ELC | N14: PJ | O14: GW | R14: Yes
B15: DEM | C15: R_ES-MOB-WatHeat | E15: PJ | L15: R_ES-SH-SD_WOD_OIL | N15: PJ | O15: GW | R15: Yes
B16: DEM | C16: R_ES-APP-RE | E16: PJ | L16: R_ES-SH-SD_GAS_ELC | N16: PJ | O16: GW | R16: Yes
... B23: DEM | C23: R_ES-LI | E23: PJ | L23: R_ES-SH-SA_GAS_HE | N23: PJ | O23: GW | R23: Yes
B24: NRG | C24: RSDHET | E24: PJ | G24: SEASON | L24: R_ES-SH-SA_ELC | N24: PJ | O24: GW | R24: Yes
B25: NRG | C25: RSDCOAPRO | D25: Residential Fuel - Solids | E25: PJ | L25: R_ES-SH-SA_HET | N25: PJ | O25: GW | R25: Yes
B26: NRG | C26: RSDWOD | E26: PJ | L26: R_ES-SH-SA_COAPRO | N26: PJ | O26: GW | R26: Yes
B27: NRG | C27: RSDELC | D27: Residential Fuel - Electricity | E27: PJ | G27: DAYNITE | L27: R_ES-SH-SA_WOD | N27: PJ | O27: GW | R27: Yes
B28: NRG | C28: RSDGAS | D28: Residential Fuel - Gases | E28: PJ | G28: SEASON | L28: R_ES-SH-SA_WOD_ELC | N28: PJ | O28: GW | R28: Yes
B29: NRG | C29: RSDOIL | D29: Residential Fuel - GDO and other liquids (incl. liq. bio.) | E29: PJ | L29: R_ES-SH-SA_WOD_OIL | N29: PJ | O29: GW | R29: Yes
B30: NRG | C30: RSDSTEAM | E30: PJ | G30: DAYNITE | L30: R_ES-SH-SA_GAS_ELC | N30: PJ | O30: GW | R30: Yes
B31: ENV | C31: RSDCO2N | D31: Carbon Dioxide - RSDbustion (RSD) | E31: kt | L31: R_ES-SH-SA_OIL_ELC | N31: PJ | O31: GW | R31: Yes
B32: ENV | C32: RSDCOXN | D32: Carbon Monoxide - RSDbustion (RSD) | E32: kt | L32: R_ES-SH-AP_OIL_NE | N32: PJ | O32: GW | R32: Yes
B33: ENV | C33: RSDCH4N | D33: Methane - RSDbustion (RSD) | E33: kt | L33: R_ES-SH-AP_OIL_ME | N33: PJ | O33: GW | R33: Yes
B34: ENV | C34: RSDSO2N | D34: Sulphur Dioxide - RSDbustion (RSD) | E34: kt | L34: R_ES-SH-AP_OIL_HE | N34: PJ | O34: GW | R34: Yes
B35: ENV | C35: RSDNOXN | D35: Nitrogen Oxides - RSDbustion (RSD) | E35: kt | L35: R_ES-SH-AP_GAS_NE | N35: PJ | O35: GW | R35: Yes
B36: ENV | C36: RSDN2ON | D36: Nitrous Oxide - RSDbustion (RSD) | E36: kt | L36: R_ES-SH-AP_GAS_ME | N36: PJ | O36: GW | R36: Yes
B37: ENV | C37: RSDPMAN | D37: Particulate 2.5 - RSDbustion (RSD) | E37: kt | L37: R_ES-SH-AP_GAS_HE | N37: PJ | O37: GW | R37: Yes
B38: ENV | C38: RSDPMBN | D38: Particulate 10 - RSDbustion (RSD) | E38: kt | L38: R_ES-SH-AP_ELC | N38: PJ | O38: GW | R38: Yes
B39: ENV | C39: RSDVOCN | D39: Volatile Organic RSDpounds - RSDbustion (RSD) | E39: kt | L39: R_ES-SH-AP_HET | N39: PJ | O39: GW | R39: Yes
B40: ENV | C40: RSDSF6N | D40: Sulphur Hexafluoride - RSDbustion (RSD) | E40: kg | L40: R_ES-SH-AP_COAPRO | N40: PJ | O40: GW | R40: Yes
B41: ENV | C41: RSDCXFN | D41: Fluoro Carbons - RSDbustion (RSD) | E41: kg | L41: R_ES-SH-AP_WOD | N41: PJ | O41: GW | R41: Yes
L42: R_ES-SH-AP_WOD_ELC | N42: PJ | O42: GW | R42: Yes
L43: R_ES-SH-AP_WOD_OIL | N43: PJ | O43: GW | R43: Yes
L44: R_ES-SH-AP_GAS_ELC | N44: PJ | O44: GW | R44: Yes
L45: R_ES-SH-AP_OIL_ELC | N45: PJ | O45: GW | R45: Yes
L46: R_ES-SH-MOB_OIL_NE | N46: PJ | O46: GW | R46: Yes
L47: R_ES-SH-MOB_OIL_ME | N47: PJ | O47: GW | R47: Yes
L48: R_ES-SH-MOB_OIL_HE | N48: PJ | O48: GW | R48: Yes
L49: R_ES-SH-MOB_GAS_NE | N49: PJ | O49: GW | R49: Yes
L50: R_ES-SH-MOB_GAS_ME | N50: PJ | O50: GW | R50: Yes
L51: R_ES-SH-MOB_GAS_HE | N51: PJ | O51: GW | R51: Yes
L52: R_ES-SH-MOB_ELC | N52: PJ | O52: GW | R52: Yes
L53: R_ES-SH-MOB_HET | N53: PJ | O53: GW | R53: Yes
... L60: R_ES-SC-SD_ELC_ROOM_CENTRAL | N60: PJ | O60: GW | R60: Yes
L61: *
L62: R_ES-SC-SA_ELC_ROOM_CENTRAL | N62: PJ | O62: GW | R62: Yes
L63: *
L64: R_ES-SC-AP_ELC_ROOM_CENTRAL | N64: PJ | O64: GW | R64: Yes
L65: *
L66: R_ES-SC-MOB_ELC_ROOM_CENTRAL | N66: PJ | O66: GW | R66: Yes
L67: *
L68: R_ES-WH-SD_ELC | N68: PJ | O68: GW | R68: Yes
L69: R_ES-WH-SD_GAS | N69: PJ | O69: GW | R69: Yes
L70: R_ES-WH-SD_OIL | N70: PJ | O70: GW | R70: Yes
L71: R_ES-WH-SD_STEAM | N71: PJ | O71: GW | R71: Yes
L72: R_ES-WH-SD_COAPRO | N72: PJ | O72: GW | R72: Yes
L73: R_ES-WH-SD_WOD | N73: PJ | O73: GW | R73: Yes
L74: R_ES-WH-SA_ELC | N74: PJ | O74: GW | R74: Yes
L75: R_ES-WH-SA_GAS | N75: PJ | O75: GW | R75: Yes
L76: R_ES-WH-SA_OIL | N76: PJ | O76: GW | R76: Yes
L77: R_ES-WH-SA_STEAM | N77: PJ | O77: GW | R77: Yes
L78: R_ES-WH-SA_COAPRO | N78: PJ | O78: GW | R78: Yes
L79: R_ES-WH-SA_WOD | N79: PJ | O79: GW | R79: Yes
... L99: R_ES-LI_ELC | N99: PJ | O99: GW | R99: Yes
K100: PRE | L100: RSDHET00 | N100: PJ | O100: GW | P100: SEASON
L101: RSDCOAPRO00 | N101: PJ | O101: PJa
L102: RSDWOD00 | N102: PJ | O102: PJa
L103: RSDELCSTEAM00 | N103: PJ | O103: GW | P103: DAYNITE
L104: RSDGAS00 | N104: PJ | O104: PJa | P104: SEASON
L105: RSDOIL00 | N105: PJ | O105: PJa

Sheet Tech_Fuel
H6: ~FI_T: Share-I~UP | Y6: ~FI_T: Share-O~UP
F7: TechName | G7: Comm-IN | H7: Comm-OUT | I7: 2020 | J7: AT | K7: QU | L7: ON | M7: MA | N7: SA | O7: AL | P7: BC | W7: TechName | X7: Comm-IN | Y7: Comm-OUT | Z7: 2020 | AA7: AT | AB7: QU | AC7: ON | AD7: MA | AE7: SA | AF7: AL | AG7: BC
F8: RSDCOAPRO00 | G8: COAHAR | H8: RSDCOAPRO | J8: =(1-J9)/2 -> 0.22446406 | K8: =(1-K9)/2 -> 0.48407715 | L8: =(1-L9)/2 -> 0.5 | M8: =(1-M9)/2 -> 0.5 | N8: =(1-N9)/2 -> 0.5 | O8: =(1-O9)/2 -> 0.48672076 | P8: =(1-P9)/2 -> 0.48912295 | W8: RSDELCSTEAM00 | X8: ELC | Y8: RSDSTEAM | AA8: 0.5 | AB8: =(1-AB9)/2 -> 0.5 | AC8: =(1-AC9)/2 -> 0.5 | AD8: =(1-AD9)/2 -> 0.5 | AE8: =(1-AE9)/2 -> 0.5 | AF8: =(1-AF9)/2 -> 0.5 | AG8: =(1-AG9)/2 -> 0.5
G9: COACOK | J9: 0.55107188 | K9: 0.031845705 | L9: 0 | M9: 0 | N9: 0 | O9: 0.026558484 | P9: 0.02175411 | Y9: RSDELC | AV9: calibrated using Eurostat 2020 (2017 version)
G10: COALIG | J10: =J8 -> 0.22446406 | K10: =K8 -> 0.48407715 | L10: =L8 -> 0.5 | M10: =M8 -> 0.5 | N10: =N8 -> 0.5 | O10: =O8 -> 0.48672076 | P10: =P8 -> 0.48912295
F11: *
F12: RSDOIL00 | G12: OILGSL | H12: RSDOIL | J12: =25% -> 0.25 | K12: =25% -> 0.25 | L12: =25% -> 0.25 | M12: =25% -> 0.25 | N12: =25% -> 0.25 | O12: =25% -> 0.25 | P12: =25% -> 0.25
G13: OILKER | J13: =25% -> 0.25 | K13: =25% -> 0.25 | L13: =25% -> 0.25 | M13: =25% -> 0.25 | N13: =25% -> 0.25 | O13: =25% -> 0.25 | P13: =25% -> 0.25
G14: OILDST | J14: =25% -> 0.25 | K14: =25% -> 0.25 | L14: =25% -> 0.25 | M14: =25% -> 0.25 | N14: =25% -> 0.25 | O14: =25% -> 0.25 | P14: =25% -> 0.25
G15: OILHFO | J15: =25% -> 0.25 | K15: =25% -> 0.25 | L15: =25% -> 0.25 | M15: =25% -> 0.25 | N15: =25% -> 0.25 | O15: =25% -> 0.25 | P15: =25% -> 0.25
F16: *
F17: RSDGAS00 | G17: GASNAT | H17: RSDGAS | J17: 1 | K17: 1 | L17: 1 | M17: 1 | N17: 1 | O17: 1 | P17: 1
G18: GASP2G
H23: FI_T: Life
F24: TechName | G24: Comm-IN | H24: Comm-OUT | I24: 2020 | J24: AT | K24: QU | L24: ON | M24: MA | N24: SA | O24: AL | P24: BC
F25: RSDHET00 | J25: 40 | K25: 40 | L25: 40 | M25: 40 | N25: 40 | O25: 40 | P25: 40
F26: RSDCOAPRO00 | J26: 40 | K26: 40 | L26: 40 | M26: 40 | N26: 40 | O26: 40 | P26: 40
F27: RSDWOD00 | J27: 40 | K27: 40 | L27: 40 | M27: 40 | N27: 40 | O27: 40 | P27: 40
F28: RSDELCSTEAM00 | J28: 40 | K28: 40 | L28: 40 | M28: 40 | N28: 40 | O28: 40 | P28: 40
F29: RSDGAS00 | J29: 40 | K29: 40 | L29: 40 | M29: 40 | N29: 40 | O29: 40 | P29: 40
F30: RSDOIL00 | J30: 40 | K30: 40 | L30: 40 | M30: 40 | N30: 40 | O30: 40 | P30: 40
H34: ~FI_T: CAP2ACT
F35: TechName | G35: Comm-IN | H35: Comm-OUT | I35: AT | J35: QU | K35: ON | L35: MA | M35: SA | N35: AL | O35: BC
F36: RSDELCSTEAM00 | I36: 31.536 | J36: 31.536 | K36: 31.536 | L36: 31.536 | M36: 31.536 | N36: 31.536 | O36: 31.536
F37: RSDHET00 | I37: 31.536 | J37: 31.536 | K37: 31.536 | L37: 31.536 | M37: 31.536 | N37: 31.536 | O37: 31.536
F38: RSDCOAPRO00 | I38: 1 | J38: 1 | K38: 1 | L38: 1 | M38: 1 | N38: 1 | O38: 1
F39: RSDWOD00 | I39: 1 | J39: 1 | K39: 1 | L39: 1 | M39: 1 | N39: 1 | O39: 1
F40: RSDGAS00 | I40: 1 | J40: 1 | K40: 1 | L40: 1 | M40: 1 | N40: 1 | O40: 1
F41: RSDOIL00 | I41: 1 | J41: 1 | K41: 1 | L41: 1 | M41: 1 | N41: 1 | O41: 1
H46: ~FI_T: Peak
F47: TechName | G47: Comm-IN | H47: Comm-OUT | I47: AT | J47: QU | K47: ON | L47: MA | M47: SA | N47: AL | O47: BC
F48: RSDELCSTEAM00 | I48: 1 | J48: 1 | K48: 1 | L48: 1 | M48: 1 | N48: 1 | O48: 1
F49: RSDHET00 | I49: 1 | J49: 1 | K49: 1 | L49: 1 | M49: 1 | N49: 1 | O49: 1
H57: ~FI_T: AFA
F58: TechName | G58: Comm-IN | H58: Comm-OUT | I58: AT | J58: QU | K58: ON | L58: MA | M58: SA | N58: AL | O58: BC
F59: RSDHET00 | I59: 0.33 | J59: 0.33 | K59: 0.33 | L59: 0.33 | M59: 0.33 | N59: 0.33 | O59: 0.33
F60: RSDELCSTEAM00 | I60: 1 | J60: 1 | K60: 1 | L60: 1 | M60: 1 | N60: 1 | O60: 1
F61: RSDCOAPRO00 | I61: 1 | J61: 1 | K61: 1 | L61: 1 | M61: 1 | N61: 1 | O61: 1
F62: RSDWOD00 | I62: 1 | J62: 1 | K62: 1 | L62: 1 | M62: 1 | N62: 1 | O62: 1
F63: RSDGAS00 | I63: 1 | J63: 1 | K63: 1 | L63: 1 | M63: 1 | N63: 1 | O63: 1
F64: RSDOIL00 | I64: 1 | J64: 1 | K64: 1 | L64: 1 | M64: 1 | N64: 1 | O64: 1
H68: ~FI_T: EFF
F69: TechName | G69: Comm-IN | H69: Comm-OUT | I69: 2020 | J69: AT | K69: QU | L69: ON | M69: MA | N69: SA | O69: AL | P69: BC
F70: RSDHET00 | G70: HETHTH | H70: RSDHET | J70: 1 | K70: 1 | L70: 1 | M70: 1 | N70: 1 | O70: 1 | P70: 1
F71: RSDWOD00 | G71: WOOD | H71: RSDWOD | J71: 1 | K71: 1 | L71: 1 | M71: 1 | N71: 1 | O71: 1 | P71: 1
F72: RSDELCSTEAM00 | G72: ELC | H72: RSDELC | J72: 1 | K72: 1 | L72: 1 | M72: 1 | N72: 1 | O72: 1 | P72: 1
H73: RSDSTEAM
F74: RSDCOAPRO00 | G74: COAHAR | H74: RSDCOA | J74: 1 | K74: 1 | L74: 1 | M74: 1 | N74: 1 | O74: 1 | P74: 1
G75: COACOK
G76: COALIG
G77: COABRO
F78: *
F79: RSDOIL00 | G79: OILGSL | H79: RSDOIL | J79: 1 | K79: 1 | L79: 1 | M79: 1 | N79: 1 | O79: 1 | P79: 1
G80: OILKER
G81: OILDST
G82: OILHFO
F83: *
F84: RSDGAS00 | G84: GASNAT | H84: RSDGAS | J84: 1 | K84: 1 | L84: 1 | M84: 1 | N84: 1 | O84: 1 | P84: 1
G85: GASP2G
H171: ~FI_T: INVCOST
F172: TechName | G172: Comm-IN | H172: Comm-OUT | I172: AT | J172: QU | K172: ON | L172: MA | M172: SA | N172: AL | O172: BC
E173: Base-year technologies for district cooling production | F173: RSDCOO100 | I173: 150 | J173: 150 | K173: 150 | L173: 150 | M173: 150 | N173: 150 | O173: 150
H176: ~FI_T: FIXOM
F177: TechName | G177: Comm-IN | H177: Comm-OUT | I177: AT | J177: QU | K177: ON | L177: MA | M177: SA | N177: AL | O177: BC
F178: RSDCOO100 | I178: 15 | J178: 15 | K178: 15 | L178: 15 | M178: 15 | N178: 15 | O178: 15
H181: ~FI_T: CAP2ACT
F182: TechName | G182: Comm-IN | H182: Comm-OUT | I182: AT | J182: QU | K182: ON | L182: MA | M182: SA | N182: AL | O182: BC
F183: RSDCOO100 | I183: 31.536 | J183: 31.536 | K183: 31.536 | L183: 31.536 | M183: 31.536 | N183: 31.536 | O183: 31.536
H186: ~FI_T: ACT2FLO
F187: TechName | G187: Comm-IN | H187: Comm-OUT | I187: AT | J187: QU | K187: ON | L187: MA | M187: SA | N187: AL | O187: BC
F188: RSDCOO100 | H188: RSDCOO | I188: 0.98 | J188: 0.98 | K188: 0.98 | L188: 0.98 | M188: 0.98 | N188: 0.98 | O188: 0.98
D189: Act2Flo
H191: ~FI_T: AFA
F192: TechName | G192: Comm-IN | H192: Comm-OUT | I192: AT | J192: QU | K192: ON | L192: MA | M192: SA | N192: AL | O192: BC
F193: RSDCOO100 | I193: 0.95 | J193: 0.95 | K193: 0.95 | L193: 0.95 | M193: 0.95 | N193: 0.95 | O193: 0.95
H196: ~FI_T: CEFF
F197: TechName | G197: Comm-IN | H197: Comm-OUT | I197: AT | J197: QU | K197: ON | L197: MA | M197: SA | N197: AL | O197: BC
F198: RSDCOO100 | G198: HETHTH | I198: 0.75 | J198: 0.75 | K198: 0.75 | L198: 0.75 | M198: 0.75 | N198: 0.75 | O198: 0.75
G199: COOFRE | I199: 1 | J199: 1 | K199: 1 | L199: 1 | M199: 1 | N199: 1 | O199: 1
H203: ~FI_T: Life
F204: TechName | G204: Comm-IN | H204: Comm-OUT | I204: AT | J204: QU | K204: ON | L204: MA | M204: SA | N204: AL | O204: BC
F205: RSDCOO100 | I205: 25 | J205: 25 | K205: 25 | L205: 25 | M205: 25 | N205: 25 | O205: 25
H208: ~FI_T: Share~UP~W
F209: TechName | G209: Comm-IN | H209: Comm-OUT | I209: AT | J209: QU | K209: ON | L209: MA | M209: SA | N209: AL | O209: BC
F210: RSDCOO100 | G210: HETHTH | I210: 1 | J210: 1 | K210: 1 | L210: 1 | M210: 1 | N210: 1 | O210: 1
G211: COOFRE | I211: 0.8 | J211: 0.8 | K211: 0.8 | L211: 0.8 | M211: 0.8 | N211: 0.8 | O211: 0.8
H212: RSDCOO
H214: ~FI_T: Share~UP~R
F215: TechName | G215: Comm-IN | H215: Comm-OUT | I215: AT | J215: QU | K215: ON | L215: MA | M215: SA | N215: AL | O215: BC
F216: RSDCOO100 | G216: HETHTH | I216: 1 | J216: 1 | K216: 1 | L216: 1 | M216: 1 | N216: 1 | O216: 1
G217: COOFRE | I217: 0.5 | J217: 0.5 | K217: 0.5 | L217: 0.5 | M217: 0.5 | N217: 0.5 | O217: 0.5
H218: RSDCOO
H220: ~FI_T: Share~UP~S
F221: TechName | G221: Comm-IN | H221: Comm-OUT | I221: AT | J221: QU | K221: ON | L221: MA | M221: SA | N221: AL | O221: BC
F222: RSDCOO100 | G222: HETHTH | I222: 1 | J222: 1 | K222: 1 | L222: 1 | M222: 1 | N222: 1 | O222: 1
G223: COOFRE | I223: 0.05 | J223: 0.05 | K223: 0.05 | L223: 0.05 | M223: 0.05 | N223: 0.05 | O223: 0.05
H224: RSDCOO
H226: ~FI_T: Share~UP~F
F227: TechName | G227: Comm-IN | H227: Comm-OUT | I227: AT | J227: QU | K227: ON | L227: MA | M227: SA | N227: AL | O227: BC
F228: RSDCOO100 | G228: HETHTH | I228: 1 | J228: 1 | K228: 1 | L228: 1 | M228: 1 | N228: 1 | O228: 1
...

Sheet EMI
B3: Dynamic coefficients for combustion emissions in RSDidential
B4: ~COMEMI
B5: CommName | C5: RSDCOA | D5: RSDOIL | E5: RSDGAS | F5: RSDCOAPRO
B6: RSDCO2N | C6: 97 | D6: 78 | E6: 56 | F6: 97
B7: RSDCOXN | C7: 0 | D7: 0 | E7: 0
B8: RSDCH4N | C8: 0 | D8: 0 | E8: 0
B9: RSDSO2N | C9: 0 | D9: 0 | E9: 0
B10: RSDNOXN | C10: 0 | D10: 0 | E10: 0
B11: RSDN2ON | C11: 0 | D11: 0 | E11: 0
B12: RSDPMAN | C12: 0 | D12: 0 | E12: 0
B13: RSDPMBN | C13: 0 | D13: 0 | E13: 0
B14: RSDVOCN | C14: 0 | D14: 0 | E14: 0
B15: RSDSF6N | C15: 0 | D15: 0 | E15: 0
B16: RSDCXFN | C16: 0 | D16: 0 | E16: 0

Sheet TechHeat-RES-SD
F1: ~FI_T: Stock
D2: TechName | E2: Comm-IN | F2: Comm-OUT | G2: AT | H2: QU | I2: ON | J2: MA | K2: SA | L2: AL | M2: BC | O2: CAP per dwelling (Mw) | R2: the unit for this tabel nr is GW because the stock unit is thousand
B3: Single Detached | C3: =attached_heating_EFF!B14 -> Heating Oil – Normal Efficiency | D3: R_ES-SH-SD_OIL_NE | E3: RSDOIL | F3: R_ES-SD-SpHeat | G3: =attached_DetachedHeatingStock!W15*'TechHeat-RES-SD'!O3 -> 0 | H3: =attached_DetachedHeatingStock!AU15*'TechHeat-RES-SD'!O3 -> 0 | I3: =attached_DetachedHeatingStock!BS15*'TechHeat-RES-SD'!O3 -> 0 | J3: =attached_DetachedHeatingStock!CQ15*'TechHeat-RES-SD'!O3 -> 0 | K3: =attached_DetachedHeatingStock!DO15*'TechHeat-RES-SD'!O3 -> 0 | L3: =attached_DetachedHeatingStock!EM15*'TechHeat-RES-SD'!O3 -> 0 | M3: =attached_DetachedHeatingStock!FK15*'TechHeat-RES-SD'!O3 -> 0.0011 | O3: 0.001
C4: =attached_heating_EFF!B15 -> Heating Oil – Medium Efficiency | D4: R_ES-SH-SD_OIL_ME | E4: RSDOIL | F4: R_ES-SD-SpHeat | G4: =attached_DetachedHeatingStock!W16*'TechHeat-RES-SD'!O4 -> 0.137 | H4: =attached_DetachedHeatingStock!AU16*'TechHeat-RES-SD'!O4 -> 0.073 | I4: =attached_DetachedHeatingStock!BS16*'TechHeat-RES-SD'!O4 -> 0.0662 | J4: =attached_DetachedHeatingStock!CQ16*'TechHeat-RES-SD'!O4 -> 0.0016 | K4: =attached_DetachedHeatingStock!DO16*'TechHeat-RES-SD'!O4 -> 0.0052 | L4: =attached_DetachedHeatingStock!EM16*'TechHeat-RES-SD'!O4 -> 0.0022 | M4: =attached_DetachedHeatingStock!FK16*'TechHeat-RES-SD'!O4 -> 0.0345 | O4: 0.001
C5: =attached_heating_EFF!B16 -> Heating Oil – High Efficiency | D5: R_ES-SH-SD_OIL_HE | E5: RSDOIL | F5: R_ES-SD-SpHeat | G5: =attached_DetachedHeatingStock!W17*'TechHeat-RES-SD'!O5 -> 0 | H5: =attached_DetachedHeatingStock!AU17*'TechHeat-RES-SD'!O5 -> 0 | I5: =attached_DetachedHeatingStock!BS17*'TechHeat-RES-SD'!O5 -> 0 | J5: =attached_DetachedHeatingStock!CQ17*'TechHeat-RES-SD'!O5 -> 0 | K5: =attached_DetachedHeatingStock!DO17*'TechHeat-RES-SD'!O5 -> 0 | L5: =attached_DetachedHeatingStock!EM17*'TechHeat-RES-SD'!O5 -> 0 | M5: =attached_DetachedHeatingStock!FK17*'TechHeat-RES-SD'!O5 -> 0 | O5: 0.001
C6: =attached_heating_EFF!B17 -> Natural Gas – Normal Efficiency | D6: R_ES-SH-SD_GAS_NE | E6: RSDGAS | F6: R_ES-SD-SpHeat | G6: =attached_DetachedHeatingStock!W18*'TechHeat-RES-SD'!O6 -> 0.0001 | H6: =attached_DetachedHeatingStock!AU18*'TechHeat-RES-SD'!O6 -> 0 | I6: =attached_DetachedHeatingStock!BS18*'TechHeat-RES-SD'!O6 -> 0 | J6: =attached_DetachedHeatingStock!CQ18*'TechHeat-RES-SD'!O6 -> 0 | K6: =attached_DetachedHeatingStock!DO18*'TechHeat-RES-SD'!O6 -> 0 | L6: =attached_DetachedHeatingStock!EM18*'TechHeat-RES-SD'!O6 -> 0 | M6: =attached_DetachedHeatingStock!FK18*'TechHeat-RES-SD'!O6 -> 0 | O6: 0.001
C7: =attached_heating_EFF!B18 -> Natural Gas – Medium Efficiency | D7: R_ES-SH-SD_GAS_ME | E7: RSDGAS | F7: R_ES-SD-SpHeat | G7: =attached_DetachedHeatingStock!W19*'TechHeat-RES-SD'!O7 -> 0.0021 | H7: =attached_DetachedHeatingStock!AU19*'TechHeat-RES-SD'!O7 -> 0.0069 | I7: =attached_DetachedHeatingStock!BS19*'TechHeat-RES-SD'!O7 -> 0.3825 | J7: =attached_DetachedHeatingStock!CQ19*'TechHeat-RES-SD'!O7 -> 0.0365 | K7: =attached_DetachedHeatingStock!DO19*'TechHeat-RES-SD'!O7 -> 0.0648 | L7: =attached_DetachedHeatingStock!EM19*'TechHeat-RES-SD'!O7 -> 0.365 | M7: =attached_DetachedHeatingStock!FK19*'TechHeat-RES-SD'!O7 -> 0.1626 | O7: 0.001
C8: =attached_heating_EFF!B19 -> Natural Gas – High Efficiency | D8: R_ES-SH-SD_GAS_HE | E8: RSDGAS | F8: R_ES-SD-SpHeat | G8: =attached_DetachedHeatingStock!W20*'TechHeat-RES-SD'!O8 -> 0.0175 | H8: =attached_DetachedHeatingStock!AU20*'TechHeat-RES-SD'!O8 -> 0.0741 | I8: =attached_DetachedHeatingStock!BS20*'TechHeat-RES-SD'!O8 -> 1.6006 | J8: =attached_DetachedHeatingStock!CQ20*'TechHeat-RES-SD'!O8 -> 0.1528 | K8: =attached_DetachedHeatingStock!DO20*'TechHeat-RES-SD'!O8 -> 0.2076 | L8: =attached_DetachedHeatingStock!EM20*'TechHeat-RES-SD'!O8 -> 0.5124 | M8: =attached_DetachedHeatingStock!FK20*'TechHeat-RES-SD'!O8 -> 0.2652 | O8: 0.001
C9: =attached_heating_EFF!B20 -> Electric | D9: R_ES-SH-SD_ELC | E9: RSDELC | F9: R_ES-SD-SpHeat | G9: =attached_DetachedHeatingStock!W21*'TechHeat-RES-SD'!O9 -> 0.4358 | H9: =attached_DetachedHeatingStock!AU21*'TechHeat-RES-SD'!O9 -> 0.7725 | I9: =attached_DetachedHeatingStock!BS21*'TechHeat-RES-SD'!O9 -> 0.4337 | J9: =attached_DetachedHeatingStock!CQ21*'TechHeat-RES-SD'!O9 -> 0.1293 | K9: =attached_DetachedHeatingStock!DO21*'TechHeat-RES-SD'!O9 -> 0.0402 | L9: =attached_DetachedHeatingStock!EM21*'TechHeat-RES-SD'!O9 -> 0.1218 | M9: =attached_DetachedHeatingStock!FK21*'TechHeat-RES-SD'!O9 -> 0.3731 | O9: 0.001
C10: =attached_heating_EFF!B21 -> Heat Pump | D10: R_ES-SH-SD_HET | E10: RSDHET | F10: R_ES-SD-SpHeat | G10: =attached_DetachedHeatingStock!W22*'TechHeat-RES-SD'!O10 -> 0.0329 | H10: =attached_DetachedHeatingStock!AU22*'TechHeat-RES-SD'!O10 -> 0.2157 | I10: =attached_DetachedHeatingStock!BS22*'TechHeat-RES-SD'!O10 -> 0.3293 | J10: =attached_DetachedHeatingStock!CQ22*'TechHeat-RES-SD'!O10 -> 0.0148 | K10: =attached_DetachedHeatingStock!DO22*'TechHeat-RES-SD'!O10 -> 0.0138 | L10: =attached_DetachedHeatingStock!EM22*'TechHeat-RES-SD'!O10 -> 0.0355 | M10: =attached_DetachedHeatingStock!FK22*'TechHeat-RES-SD'!O10 -> 0.0475 | O10: 0.001
C11: =attached_heating_EFF!B22 -> Other1 | D11: R_ES-SH-SD_COAPRO | E11: RSDCOAPRO | F11: R_ES-SD-SpHeat | G11: =attached_DetachedHeatingStock!W23*'TechHeat-RES-SD'!O11 -> 0.0094 | H11: =attached_DetachedHeatingStock!AU23*'TechHeat-RES-SD'!O11 -> 0.0065 | I11: =attached_DetachedHeatingStock!BS23*'TechHeat-RES-SD'!O11 -> 0.0938 | J11: =attached_DetachedHeatingStock!CQ23*'TechHeat-RES-SD'!O11 -> 0.0014 | K11: =attached_DetachedHeatingStock!DO23*'TechHeat-RES-SD'!O11 -> 0.004 | L11: =attached_DetachedHeatingStock!EM23*'TechHeat-RES-SD'!O11 -> 0.008 | M11: =attached_DetachedHeatingStock!FK23*'TechHeat-RES-SD'!O11 -> 0.0087 | O11: 0.001
C12: =attached_heating_EFF!B23 -> Wood | D12: R_ES-SH-SD_WOD | E12: RSDWOD | F12: R_ES-SD-SpHeat | G12: =attached_DetachedHeatingStock!W24*'TechHeat-RES-SD'!O12 -> 0 | H12: =attached_DetachedHeatingStock!AU24*'TechHeat-RES-SD'!O12 -> 0 | I12: =attached_DetachedHeatingStock!BS24*'TechHeat-RES-SD'!O12 -> 0 | J12: =attached_DetachedHeatingStock!CQ24*'TechHeat-RES-SD'!O12 -> 0 | K12: =attached_DetachedHeatingStock!DO24*'TechHeat-RES-SD'!O12 -> 0 | L12: =attached_DetachedHeatingStock!EM24*'TechHeat-RES-SD'!O12 -> 0 | M12: =attached_DetachedHeatingStock!FK24*'TechHeat-RES-SD'!O12 -> 0.0012 | O12: 0.001
C13: Wood/Electric | D13: R_ES-SH-SD_WOD_ELC | E13: RSDELC | F13: R_ES-SD-SpHeat | G13: =attached_DetachedHeatingStock!W26*'TechHeat-RES-SD'!O13 -> 0.0703 | H13: =attached_DetachedHeatingStock!AU26*'TechHeat-RES-SD'!O13 -> 0.3663 | I13: =attached_DetachedHeatingStock!BS26*'TechHeat-RES-SD'!O13 -> 0.1204 | J13: =attached_DetachedHeatingStock!CQ26*'TechHeat-RES-SD'!O13 -> 0.0171 | K13: =attached_DetachedHeatingStock!DO26*'TechHeat-RES-SD'!O13 -> 0.0023 | L13: =attached_DetachedHeatingStock!EM26*'TechHeat-RES-SD'!O13 -> 0.0015 | M13: =attached_DetachedHeatingStock!FK26*'TechHeat-RES-SD'!O13 -> 0.0819 | O13: 0.001
E14: RSDWOD | O14: 0.001
C15: Wood/Heating Oil | D15: R_ES-SH-SD_WOD_OIL | E15: RSDOIL | F15: R_ES-SD-SpHeat | G15: =attached_DetachedHeatingStock!W27*'TechHeat-RES-SD'!O15 -> 0.0654 | H15: =attached_DetachedHeatingStock!AU27*'TechHeat-RES-SD'!O15 -> 0.0938 | I15: =attached_DetachedHeatingStock!BS27*'TechHeat-RES-SD'!O15 -> 0.1082 | J15: =attached_DetachedHeatingStock!CQ27*'TechHeat-RES-SD'!O15 -> 0.0028 | K15: =attached_DetachedHeatingStock!DO27*'TechHeat-RES-SD'!O15 -> 0.0033 | L15: =attached_DetachedHeatingStock!EM27*'TechHeat-RES-SD'!O15 -> 0.0051 | M15: =attached_DetachedHeatingStock!FK27*'TechHeat-RES-SD'!O15 -> 0.0288 | O15: 0.001
E16: RSDWOD | O16: 0.001
C17: Natural Gas/Electric | D17: R_ES-SH-SD_GAS_ELC | E17: RSDELC | F17: R_ES-SD-SpHeat | G17: =attached_DetachedHeatingStock!W28*'TechHeat-RES-SD'!O17 -> 0 | H17: =attached_DetachedHeatingStock!AU28*'TechHeat-RES-SD'!O17 -> 0.0112 | I17: =attached_DetachedHeatingStock!BS28*'TechHeat-RES-SD'!O17 -> 0.0254 | J17: =attached_DetachedHeatingStock!CQ28*'TechHeat-RES-SD'!O17 -> 0.0005 | K17: =attached_DetachedHeatingStock!DO28*'TechHeat-RES-SD'!O17 -> 0.0022 | L17: =attached_DetachedHeatingStock!EM28*'TechHeat-RES-SD'!O17 -> 0.0041 | M17: =attached_DetachedHeatingStock!FK28*'TechHeat-RES-SD'!O17 -> 0.019 | O17: 0.001
E18: RSDGAS | O18: 0.001
C19: Heating Oil/Electric | D19: R_ES-SH-SD_OIL_ELC | E19: RSDELC | F19: R_ES-SD-SpHeat | G19: =attached_DetachedHeatingStock!W29*'TechHeat-RES-SD'!O19 -> 0.0057 | H19: =attached_DetachedHeatingStock!AU29*'TechHeat-RES-SD'!O19 -> 0.1131 | I19: =attached_DetachedHeatingStock!BS29*'TechHeat-RES-SD'!O19 -> 0.0157 | J19: =attached_DetachedHeatingStock!CQ29*'TechHeat-RES-SD'!O19 -> 0.0017 | K19: =attached_DetachedHeatingStock!DO29*'TechHeat-RES-SD'!O19 -> 0.0017 | L19: =attached_DetachedHeatingStock!EM29*'TechHeat-RES-SD'!O19 -> 0.0001 | M19: =attached_DetachedHeatingStock!FK29*'TechHeat-RES-SD'!O19 -> 0.01 | O19: 0.001
E20: RSDOIL | O20: 0.001
O21: 0.001
F25: ~FI_T: EFF
D26: TechName | E26: Comm-IN | F26: Comm-OUT | G26: AT | H26: QU | I26: ON | J26: MA | K26: SA | L26: AL | M26: BC
D27: R_ES-SH-SD_OIL_NE | E27: RSDOIL | F27: R_ES-SD-SpHeat | G27: =attached_heating_EFF!W14*0.01 -> 0.6 | H27: =attached_heating_EFF!AU14*0.01 -> 0.6 | I27: =attached_heating_EFF!BS14*0.01 -> 0.6 | J27: =attached_heating_EFF!CQ14/100 -> 0.6 | K27: =attached_heating_EFF!DO14*0.01 -> 0.6 | L27: =attached_heating_EFF!EM14/100 -> 0.6 | M27: =attached_heating_EFF!FK14/100 -> 0.6
D28: R_ES-SH-SD_OIL_ME | E28: RSDOIL | F28: R_ES-SD-SpHeat | G28: =attached_heating_EFF!W15*0.01 -> 0.78 | H28: =attached_heating_EFF!AU15*0.01 -> 0.78 | I28: =attached_heating_EFF!BS15*0.01 -> 0.78 | J28: =attached_heating_EFF!CQ15/100 -> 0.78 | K28: =attached_heating_EFF!DO15*0.01 -> 0.78 | L28: =attached_heating_EFF!EM15/100 -> 0.78 | M28: =attached_heating_EFF!FK15/100 -> 0.78
D29: R_ES-SH-SD_OIL_HE | E29: RSDOIL | F29: R_ES-SD-SpHeat | G29: =attached_heating_EFF!W16*0.01 -> 0.85 | H29: =attached_heating_EFF!AU16*0.01 -> 0.85 | I29: =attached_heating_EFF!BS16*0.01 -> 0.85 | J29: =attached_heating_EFF!CQ16/100 -> 0.85 | K29: =attached_heating_EFF!DO16*0.01 -> 0.85 | L29: =attached_heating_EFF!EM16/100 -> 0.85 | M29: =attached_heating_EFF!FK16/100 -> 0.85
D30: R_ES-SH-SD_GAS_NE | E30: RSDGAS | F30: R_ES-SD-SpHeat | G30: =attached_heating_EFF!W17*0.01 -> 0.62 | H30: =attached_heating_EFF!AU17*0.01 -> 0.62 | I30: =attached_heating_EFF!BS17*0.01 -> 0.62 | J30: =attached_heating_EFF!CQ17/100 -> 0.62 | K30: =attached_heating_EFF!DO17*0.01 -> 0.62 | L30: =attached_heating_EFF!EM17/100 -> 0.62 | M30: =attached_heating_EFF!FK17/100 -> 0.62
D31: R_ES-SH-SD_GAS_ME | E31: RSDGAS | F31: R_ES-SD-SpHeat | G31: =attached_heating_EFF!W18*0.01 -> 0.8 | H31: =attached_heating_EFF!AU18*0.01 -> 0.8 | I31: =attached_heating_EFF!BS18*0.01 -> 0.8 | J31: =attached_heating_EFF!CQ18/100 -> 0.8 | K31: =attached_heating_EFF!DO18*0.01 -> 0.8 | L31: =attached_heating_EFF!EM18/100 -> 0.8 | M31: =attached_heating_EFF!FK18/100 -> 0.8
D32: R_ES-SH-SD_GAS_HE | E32: RSDGAS | F32: R_ES-SD-SpHeat | G32: =attached_heating_EFF!W19*0.01 -> 0.9 | H32: =attached_heating_EFF!AU19*0.01 -> 0.9 | I32: =attached_heating_EFF!BS19*0.01 -> 0.9 | J32: =attached_heating_EFF!CQ19/100 -> 0.9 | K32: =attached_heating_EFF!DO19*0.01 -> 0.9 | L32: =attached_heating_EFF!EM19/100 -> 0.9 | M32: =attached_heating_EFF!FK19/100 -> 0.9
D33: R_ES-SH-SD_ELC | E33: RSDELC | F33: R_ES-SD-SpHeat | G33: =attached_heating_EFF!W20*0.01 -> 1 | H33: =attached_heating_EFF!AU20*0.01 -> 1 | I33: =attached_heating_EFF!BS20*0.01 -> 1 | J33: =attached_heating_EFF!CQ20/100 -> 1 | K33: =attached_heating_EFF!DO20*0.01 -> 1 | L33: =attached_heating_EFF!EM20/100 -> 1 | M33: =attached_heating_EFF!FK20/100 -> 1
D34: R_ES-SH-SD_HET | E34: RSDHET | F34: R_ES-SD-SpHeat | G34: =attached_heating_EFF!W21*0.01 -> 1.9 | H34: =attached_heating_EFF!AU21*0.01 -> 1.9 | I34: =attached_heating_EFF!BS21*0.01 -> 1.9 | J34: =attached_heating_EFF!CQ21/100 -> 1.9 | K34: =attached_heating_EFF!DO21*0.01 -> 1.9 | L34: =attached_heating_EFF!EM21/100 -> 1.9 | M34: =attached_heating_EFF!FK21/100 -> 1.9
D35: R_ES-SH-SD_COAPRO | E35: RSDCOAPRO | F35: R_ES-SD-SpHeat | G35: =attached_heating_EFF!W22*0.01 -> 0.5 | H35: =attached_heating_EFF!AU22*0.01 -> 0.5 | I35: =attached_heating_EFF!BS22*0.01 -> 0.5 | J35: =attached_heating_EFF!CQ22/100 -> 0.5 | K35: =attached_heating_EFF!DO22*0.01 -> 0.5 | L35: =attached_heating_EFF!EM22/100 -> 0.5 | M35: =attached_heating_EFF!FK22/100 -> 0.5
D36: R_ES-SH-SD_WOD | E36: RSDWOD | F36: R_ES-SD-SpHeat | G36: =attached_heating_EFF!W23*0.01 -> 0.5 | H36: =attached_heating_EFF!AU23*0.01 -> 0.5 | I36: =attached_heating_EFF!BS23*0.01 -> 0.5 | J36: =attached_heating_EFF!CQ23/100 -> 0.5 | K36: =attached_heating_EFF!DO23*0.01 -> 0.5 | L36: =attached_heating_EFF!EM23/100 -> 0.5 | M36: =attached_heating_EFF!FK23/100 -> 0.5
D37: R_ES-SH-SD_WOD_ELC | E37: RSDELC | F37: R_ES-SD-SpHeat | G37: 0.75 | H37: 0.75 | I37: 0.75 | J37: 0.75 | K37: 0.75 | L37: 0.75 | M37: 0.75 | O37: 0.75 | P37: 0.75 | Q37: 0.75 | R37: 0.75 | S37: 0.75 | T37: 0.75 | U37: 0.75
E38: RSDWOD
D39: R_ES-SH-SD_WOD_OIL | E39: RSDOIL | F39: R_ES-SD-SpHeat | G39: 0.675 | H39: 0.675 | I39: 0.675 | J39: 0.675 | K39: 0.675 | L39: 0.675 | M39: 0.675 | O39: 0.675 | P39: 0.675 | Q39: 0.675 | R39: 0.675 | S39: 0.675 | T39: 0.675 | U39: 0.675
E40: RSDWOD
D41: R_ES-SH-SD_GAS_ELC | E41: RSDELC | F41: R_ES-SD-SpHeat | G41: 0.9 | H41: 0.9 | I41: 0.9 | J41: 0.9 | K41: 0.9 | L41: 0.9 | M41: 0.9 | O41: 0.9 | P41: 0.9 | Q41: 0.9 | R41: 0.9 | S41: 0.9 | T41: 0.9 | U41: 0.9
E42: RSDGAS
D43: R_ES-SH-SD_OIL_ELC | E43: RSDELC | F43: R_ES-SD-SpHeat | G43: 0.89 | H43: 0.89 | I43: 0.89 | J43: 0.89 | K43: 0.89 | L43: 0.89 | M43: 0.89 | O43: 0.89 | P43: 0.89 | Q43: 0.89 | R43: 0.89 | S43: 0.89 | T43: 0.89 | U43: 0.89
E44: RSDOIL | R44: *Assuming that the EFF for combined techs are the average of their effieicney
O50: unit is PJ/GW | R50: consumption share proportion table (the sum of 4 household type is 1)
F51: NCAP_AFA/Consumption share | R51: this is table is for the consumption share of SingleDetached
D52: TechName | E52: Comm-IN | F52: Comm-OUT | G52: AT | H52: QU | I52: ON | J52: MA | K52: SA | L52: AL | M52: BC | R52: TechName | S52: LimType | T52: CommName | U52: AT | V52: QU | W52: ON | X52: MA | Y52: SA | Z52: AL | AA52: BC
D53: R_ES-SH-SD_OIL_NE | E53: RSDOIL | F53: R_ES-SD-SpHeat | G53: =attached_space_heating_byenergy!W17/SUM(G3:G5)/31.54 -> 5.2392212 | H53: =attached_space_heating_byenergy!AU17/SUM(H3:H5)/31.54 -> 5.1051211 | I53: =attached_space_heating_byenergy!BS17/SUM(I3:I5)/31.54 -> 3.5699265 | J53: =attached_space_heating_byenergy!CQ17/SUM(J3:J5)/31.54 -> 2.7778813 | K53: =attached_space_heating_byenergy!DO17/SUM(K3:K5)/31.54 -> 0.82087459 | L53: =attached_space_heating_byenergy!EM17/SUM(L3:L5)/31.54 -> 0.1798726 | M53: =attached_space_heating_byenergy!FK17/SUM(M3:M5)/31.54 -> 0.46749179 | R53: R_ES-SH-SD_OIL_NE | S53: RSDOIL | T53: R_ES-SD-SpHeat | U53: =attached_space_heating_byendtyp!W21/100 -> 0.81952273 | V53: =attached_space_heating_byendtyp!AU21/100 -> 0.61594825 | W53: =attached_space_heating_byendtyp!BS21/100 -> 0.72453658 | X53: =attached_space_heating_byendtyp!CQ21/100 -> 0.79283604 | Y53: =attached_space_heating_byendtyp!DO21/100 -> 0.82447925 | Z53: =attached_space_heating_byendtyp!EM21/100 -> 0.77052594 | AA53: =attached_space_heating_byendtyp!FK21/100 -> 0.7189808
D54: R_ES-SH-SD_OIL_ME | E54: RSDOIL | F54: R_ES-SD-SpHeat | G54: =G53 -> 5.2392212 | H54: =H53 -> 5.1051211 | I54: =I53 -> 3.5699265 | J54: =J53 -> 2.7778813 | K54: =K53 -> 0.82087459 | L54: =L53 -> 0.1798726 | M54: =M53 -> 0.46749179 | R54: R_ES-SH-SD_OIL_ME | S54: RSDOIL | T54: R_ES-SD-SpHeat | U54: =U53 -> 0.81952273 | V54: =V53 -> 0.61594825 | W54: =W53 -> 0.72453658 | X54: =X53 -> 0.79283604 | Y54: =Y53 -> 0.82447925 | Z54: =Z53 -> 0.77052594 | AA54: =AA53 -> 0.7189808
D55: R_ES-SH-SD_OIL_HE | E55: RSDOIL | F55: R_ES-SD-SpHeat | G55: =G53 -> 5.2392212 | H55: =H53 -> 5.1051211 | I55: =I53 -> 3.5699265 | J55: =J53 -> 2.7778813 | K55: =K53 -> 0.82087459 | L55: =L53 -> 0.1798726 | M55: =M53 -> 0.46749179 | R55: R_ES-SH-SD_OIL_HE | S55: RSDOIL | T55: R_ES-SD-SpHeat | U55: =U53 -> 0.81952273 | V55: =V53 -> 0.61594825 | W55: =W53 -> 0.72453658 | X55: =X53 -> 0.79283604 | Y55: =Y53 -> 0.82447925 | Z55: =Z53 -> 0.77052594 | AA55: =AA53 -> 0.7189808
D56: R_ES-SH-SD_GAS_NE | E56: RSDGAS | F56: R_ES-SD-SpHeat | G56: =attached_space_heating_byenergy!W16/SUM(G6:G8)/31.54 -> 1.143714 | H56: =attached_space_heating_byenergy!AU16/SUM(H6:H8)/31.54 -> 7.9234619 | I56: =attached_space_heating_byenergy!BS16/SUM(I6:I8)/31.54 -> 3.6628599 | J56: =attached_space_heating_byenergy!CQ16/SUM(J6:J8)/31.54 -> 2.7976654 | K56: =attached_space_heating_byenergy!DO16/SUM(K6:K8)/31.54 -> 3.2317709 | L56: =attached_space_heating_byenergy!EM16/SUM(L6:L8)/31.54 -> 4.5091593 | M56: =attached_space_heating_byenergy!FK16/SUM(M6:M8)/31.54 -> 3.5080597 | R56: R_ES-SH-SD_GAS_NE | S56: RSDGAS | T56: R_ES-SD-SpHeat | U56: =U54 -> 0.81952273 | V56: =V54 -> 0.61594825 | W56: =W54 -> 0.72453658 | X56: =X54 -> 0.79283604 | Y56: =Y54 -> 0.82447925 | Z56: =Z54 -> 0.77052594 | AA56: =AA54 -> 0.7189808
D57: R_ES-SH-SD_GAS_ME | E57: RSDGAS | F57: R_ES-SD-SpHeat | G57: =G56 -> 1.143714 | H57: =H56 -> 7.9234619 | I57: =I56 -> 3.6628599 | J57: =J56 -> 2.7976654 | K57: =K56 -> 3.2317709 | L57: =L56 -> 4.5091593 | M57: =M56 -> 3.5080597 | R57: R_ES-SH-SD_GAS_ME | S57: RSDGAS | T57: R_ES-SD-SpHeat | U57: =U55 -> 0.81952273 | V57: =V55 -> 0.61594825 | W57: =W55 -> 0.72453658 | X57: =X55 -> 0.79283604 | Y57: =Y55 -> 0.82447925 | Z57: =Z55 -> 0.77052594 | AA57: =AA55 -> 0.7189808
D58: R_ES-SH-SD_GAS_HE | E58: RSDGAS | F58: R_ES-SD-SpHeat | G58: =G57 -> 1.143714 | H58: =H57 -> 7.9234619 | I58: =I57 -> 3.6628599 | J58: =J57 -> 2.7976654 | K58: =K57 -> 3.2317709 | L58: =L57 -> 4.5091593 | M58: =M57 -> 3.5080597 | R58: R_ES-SH-SD_GAS_HE | S58: RSDGAS | T58: R_ES-SD-SpHeat | U58: =U56 -> 0.81952273 | V58: =V56 -> 0.61594825 | W58: =W56 -> 0.72453658 | X58: =X56 -> 0.79283604 | Y58: =Y56 -> 0.82447925 | Z58: =Z56 -> 0.77052594 | AA58: =AA56 -> 0.7189808
D59: R_ES-SH-SD_ELC | E59: RSDELC | F59: R_ES-SD-SpHeat | G59: =attached_space_heating_byenergy!W15/'TechHeat-RES-SD'!G9/31.54 -> 2.0528875 | H59: =attached_space_heating_byenergy!AU15/'TechHeat-RES-SD'!H9/31.54 -> 5.4041571 | I59: =attached_space_heating_byenergy!BS15/'TechHeat-RES-SD'!I9/31.54 -> 3.8367891 | J59: =attached_space_heating_byenergy!CQ15/'TechHeat-RES-SD'!J9/31.54 -> 3.1983482 | K59: =attached_space_heating_byenergy!DO15/'TechHeat-RES-SD'!K9/31.54 -> 3.0730187 | L59: =attached_space_heating_byenergy!EM15/'TechHeat-RES-SD'!L9/31.54 -> 3.4638841 | M59: =attached_space_heating_byenergy!FK15/'TechHeat-RES-SD'!M9/31.54 -> 2.4793398 | R59: R_ES-SH-SD_ELC | S59: RSDELC | T59: R_ES-SD-SpHeat | U59: =U57 -> 0.81952273 | V59: =V57 -> 0.61594825 | W59: =W57 -> 0.72453658 | X59: =X57 -> 0.79283604 | Y59: =Y57 -> 0.82447925 | Z59: =Z57 -> 0.77052594 | AA59: =AA57 -> 0.7189808
D60: R_ES-SH-SD_HET | E60: RSDHET | F60: R_ES-SD-SpHeat | R60: R_ES-SH-SD_HET | S60: RSDHET | T60: R_ES-SD-SpHeat | U60: =U58 -> 0.81952273 | V60: =V58 -> 0.61594825 | W60: =W58 -> 0.72453658 | X60: =X58 -> 0.79283604 | Y60: =Y58 -> 0.82447925 | Z60: =Z58 -> 0.77052594 | AA60: =AA58 -> 0.7189808
D61: R_ES-SH-SD_COAPRO | E61: RSDCOAPRO | F61: R_ES-SD-SpHeat | G61: =attached_space_heating_byenergy!W18/'TechHeat-RES-SD'!G11/31.54 -> 2.0143789 | H61: =attached_space_heating_byenergy!AU18/'TechHeat-RES-SD'!H11/31.54 -> 6.3604849 | I61: =attached_space_heating_byenergy!BS18/'TechHeat-RES-SD'!I11/31.54 -> 2.6811528 | J61: =attached_space_heating_byenergy!CQ18/'TechHeat-RES-SD'!J11/31.54 -> 7.8731316 | K61: =attached_space_heating_byenergy!DO18/'TechHeat-RES-SD'!K11/31.54 -> 1.5374287 | L61: =attached_space_heating_byenergy!EM18/'TechHeat-RES-SD'!L11/31.54 -> 6.4425967 | M61: =attached_space_heating_byenergy!FK18/'TechHeat-RES-SD'!M11/31.54 -> 3.5625515 | R61: R_ES-SH-SD_COAPRO | S61: RSDCOAPRO | T61: R_ES-SD-SpHeat | U61: =U59 -> 0.81952273 | V61: =V59 -> 0.61594825 | W61: =W59 -> 0.72453658 | X61: =X59 -> 0.79283604 | Y61: =Y59 -> 0.82447925 | Z61: =Z59 -> 0.77052594 | AA61: =AA59 -> 0.7189808
D62: R_ES-SH-SD_WOD | E62: RSDWOD | F62: R_ES-SD-SpHeat | G62: =attached_space_heating_byenergy!W19/'TechHeat-RES-SD'!G36/31.54 -> 0.81969797 | H62: =attached_space_heating_byenergy!AU19/'TechHeat-RES-SD'!H36/31.54 -> 2.3571428 | I62: =attached_space_heating_byenergy!BS19/'TechHeat-RES-SD'!I36/31.54 -> 1.1199732 | J62: =attached_space_heating_byenergy!CQ19/'TechHeat-RES-SD'!J36/31.54 -> 0.13175269 | K62: =attached_space_heating_byenergy!DO19/'TechHeat-RES-SD'!K36/31.54 -> 0.049364109 | L62: =attached_space_heating_byenergy!EM19/'TechHeat-RES-SD'!L36/31.54 -> 0.1331525 | M62: =attached_space_heating_byenergy!FK19/'TechHeat-RES-SD'!M36/31.54 -> 0.37280127 | R62: R_ES-SH-SD_WOD | S62: RSDWOD | T62: R_ES-SD-SpHeat | U62: =U60 -> 0.81952273 | V62: =V60 -> 0.61594825 | W62: =W60 -> 0.72453658 | X62: =X60 -> 0.79283604 | Y62: =Y60 -> 0.82447925 | Z62: =Z60 -> 0.77052594 | AA62: =AA60 -> 0.7189808
D63: R_ES-SH-SD_WOD_ELC | E63: RSDELC | F63: R_ES-SD-SpHeat | G63: 0 | H63: 0 | I63: 0 | J63: 0 | K63: 0 | L63: 0 | M63: 0 | R63: R_ES-SH-SD_WOD_ELC | S63: RSDELC | T63: R_ES-SD-SpHeat | U63: =U61 -> 0.81952273 | V63: =V61 -> 0.61594825 | W63: =W61 -> 0.72453658 | X63: =X61 -> 0.79283604 | Y63: =Y61 -> 0.82447925 | Z63: =Z61 -> 0.77052594 | AA63: =AA61 -> 0.7189808
E64: RSDWOD | G64: 0 | H64: 0 | I64: 0 | J64: 0 | K64: 0 | L64: 0 | M64: 0 | S64: RSDWOD | T64: R_ES-SD-SpHeat | U64: =U62 -> 0.81952273 | V64: =V62 -> 0.61594825 | W64: =W62 -> 0.72453658 | X64: =X62 -> 0.79283604 | Y64: =Y62 -> 0.82447925 | Z64: =Z62 -> 0.77052594 | AA64: =AA62 -> 0.7189808
D65: R_ES-SH-SD_WOD_OIL | E65: RSDOIL | F65: R_ES-SD-SpHeat | G65: 0 | H65: 0 | I65: 0 | J65: 0 | K65: 0 | L65: 0 | M65: 0 | R65: R_ES-SH-SD_WOD_OIL | S65: RSDOIL | T65: R_ES-SD-SpHeat | U65: =U63 -> 0.81952273 | V65: =V63 -> 0.61594825 | W65: =W63 -> 0.72453658 | X65: =X63 -> 0.79283604 | Y65: =Y63 -> 0.82447925 | Z65: =Z63 -> 0.77052594 | AA65: =AA63 -> 0.7189808
E66: RSDWOD | G66: 0 | H66: 0 | I66: 0 | J66: 0 | K66: 0 | L66: 0 | M66: 0 | S66: RSDWOD | T66: R_ES-SD-SpHeat | U66: =U64 -> 0.81952273 | V66: =V64 -> 0.61594825 | W66: =W64 -> 0.72453658 | X66: =X64 -> 0.79283604 | Y66: =Y64 -> 0.82447925 | Z66: =Z64 -> 0.77052594 | AA66: =AA64 -> 0.7189808
D67: R_ES-SH-SD_GAS_ELC | E67: RSDELC | F67: R_ES-SD-SpHeat | G67: 0 | H67: 0 | I67: 0 | J67: 0 | K67: 0 | L67: 0 | M67: 0 | R67: R_ES-SH-SD_GAS_ELC | S67: RSDELC | T67: R_ES-SD-SpHeat | U67: =U65 -> 0.81952273 | V67: =V65 -> 0.61594825 | W67: =W65 -> 0.72453658 | X67: =X65 -> 0.79283604 | Y67: =Y65 -> 0.82447925 | Z67: =Z65 -> 0.77052594 | AA67: =AA65 -> 0.7189808
E68: RSDGAS | G68: 0 | H68: 0 | I68: 0 | J68: 0 | K68: 0 | L68: 0 | M68: 0 | S68: RSDGAS | T68: R_ES-SD-SpHeat | U68: =U66 -> 0.81952273 | V68: =V66 -> 0.61594825 | W68: =W66 -> 0.72453658 | X68: =X66 -> 0.79283604 | Y68: =Y66 -> 0.82447925 | Z68: =Z66 -> 0.77052594 | AA68: =AA66 -> 0.7189808
D69: R_ES-SH-SD_OIL_ELC | E69: RSDELC | F69: R_ES-SD-SpHeat | G69: 0 | H69: 0 | I69: 0 | J69: 0 | K69: 0 | L69: 0 | M69: 0 | R69: R_ES-SH-SD_OIL_ELC | S69: RSDELC | T69: R_ES-SD-SpHeat | U69: =U67 -> 0.81952273 | V69: =V67 -> 0.61594825 | W69: =W67 -> 0.72453658 | X69: =X67 -> 0.79283604 | Y69: =Y67 -> 0.82447925 | Z69: =Z67 -> 0.77052594 | AA69: =AA67 -> 0.7189808
E70: RSDOIL | G70: 0 | H70: 0 | I70: 0 | J70: 0 | K70: 0 | L70: 0 | M70: 0 | S70: RSDOIL | T70: R_ES-SD-SpHeat | U70: =U68 -> 0.81952273 | V70: =V68 -> 0.61594825 | W70: =W68 -> 0.72453658 | X70: =X68 -> 0.79283604 | Y70: =Y68 -> 0.82447925 | Z70: =Z68 -> 0.77052594 | AA70: =AA68 -> 0.7189808
F74: ~FI_T: AFA
D75: TechName | E75: Comm-IN | F75: Comm-OUT | G75: AT | H75: QU | I75: ON | J75: MA | K75: SA | L75: AL | M75: BC
D76: R_ES-SH-SD_OIL_NE | E76: RSDOIL | F76: R_ES-SD-SpHeat | G76: =G53*U53 -> 4.2936609 | H76: =H53*V53 -> 3.1444904 | I76: =I53*W53 -> 2.5865424 | J76: =J53*X53 -> 2.2024044 | K76: =K53*Y53 -> 0.67679407 | L76: =L53*Z53 -> 0.1385965 | M76: =M53*AA53 -> 0.33611762
D77: R_ES-SH-SD_OIL_ME | E77: RSDOIL | F77: R_ES-SD-SpHeat | G77: =G54*U54 -> 4.2936609 | H77: =H54*V54 -> 3.1444904 | I77: =I54*W54 -> 2.5865424 | J77: =J54*X54 -> 2.2024044 | K77: =K54*Y54 -> 0.67679407 | L77: =L54*Z54 -> 0.1385965 | M77: =M54*AA54 -> 0.33611762
D78: R_ES-SH-SD_OIL_HE | E78: RSDOIL | F78: R_ES-SD-SpHeat | G78: =G55*U55 -> 4.2936609 | H78: =H55*V55 -> 3.1444904 | I78: =I55*W55 -> 2.5865424 | J78: =J55*X55 -> 2.2024044 | K78: =K55*Y55 -> 0.67679407 | L78: =L55*Z55 -> 0.1385965 | M78: =M55*AA55 -> 0.33611762
D79: R_ES-SH-SD_GAS_NE | E79: RSDGAS | F79: R_ES-SD-SpHeat | G79: =G56*U56 -> 0.93729966 | H79: =H56*V56 -> 4.8804425 | I79: =I56*W56 -> 2.653876 | J79: =J56*X56 -> 2.21809 | K79: =K56*Y56 -> 2.6645281 | L79: =L56*Z56 -> 3.4744242 | M79: =M56*AA56 -> 2.5222276
D80: R_ES-SH-SD_GAS_ME | E80: RSDGAS | F80: R_ES-SD-SpHeat | G80: =G57*U57 -> 0.93729966 | H80: =H57*V57 -> 4.8804425 | I80: =I57*W57 -> 2.653876 | J80: =J57*X57 -> 2.21809 | K80: =K57*Y57 -> 2.6645281 | L80: =L57*Z57 -> 3.4744242 | M80: =M57*AA57 -> 2.5222276
D81: R_ES-SH-SD_GAS_HE | E81: RSDGAS | F81: R_ES-SD-SpHeat | G81: =G58*U58 -> 0.93729966 | H81: =H58*V58 -> 4.8804425 | I81: =I58*W58 -> 2.653876 | J81: =J58*X58 -> 2.21809 | K81: =K58*Y58 -> 2.6645281 | L81: =L58*Z58 -> 3.4744242 | M81: =M58*AA58 -> 2.5222276
D82: R_ES-SH-SD_ELC | E82: RSDELC | F82: R_ES-SD-SpHeat | G82: =G59*U59 -> 1.682388 | H82: =H59*V59 -> 3.3286811 | I82: =I59*W59 -> 2.7798941 | J82: =J59*X59 -> 2.5357657 | K82: =K59*Y59 -> 2.5336402 | L82: =L59*Z59 -> 2.6690125 | M82: =M59*AA59 -> 1.7825977
D83: R_ES-SH-SD_HET | E83: RSDHET | F83: R_ES-SD-SpHeat | G83: 1 | H83: 1 | I83: 1 | J83: 1 | K83: 1 | L83: 1 | M83: 1
D84: R_ES-SH-SD_COAPRO | E84: RSDCOAPRO | F84: R_ES-SD-SpHeat | G84: =G61*U61 -> 1.6508293 | H84: =H61*V61 -> 3.9177295 | I84: =I61*W61 -> 1.9425933 | J84: =J61*X61 -> 6.2421025 | K84: =K61*Y61 -> 1.267578 | L84: =L61*Z61 -> 4.9641879 | M84: =M61*AA61 -> 2.5614061
D85: R_ES-SH-SD_WOD | E85: RSDWOD | F85: R_ES-SD-SpHeat | G85: =G62*U62 -> 0.67176112 | H85: =H62*V62 -> 1.451878 | I85: =I62*W62 -> 0.81146158 | J85: =J62*X62 -> 0.10445828 | K85: =K62*Y62 -> 0.040699684 | L85: =L62*Z62 -> 0.10259746 | M85: =M62*AA62 -> 0.26803695
D86: R_ES-SH-SD_WOD_ELC | E86: RSDELC | F86: R_ES-SD-SpHeat | G86: =IF(G63*U63=0,0.1,G63*U63) -> 0.1 | H86: =IF(H63*V63=0,0.1,H63*V63) -> 0.1 | I86: =IF(I63*W63=0,0.1,I63*W63) -> 0.1 | J86: =IF(J63*X63=0,0.1,J63*X63) -> 0.1 | K86: =IF(K63*Y63=0,0.1,K63*Y63) -> 0.1 | L86: =IF(L63*Z63=0,0.1,L63*Z63) -> 0.1 | M86: =IF(M63*AA63=0,0.1,M63*AA63) -> 0.1
E87: RSDWOD
D88: R_ES-SH-SD_WOD_OIL | E88: RSDOIL | F88: R_ES-SD-SpHeat | G88: =IF(G65*U65=0,0.1,G65*U65) -> 0.1 | H88: =IF(H65*V65=0,0.1,H65*V65) -> 0.1 | I88: =IF(I65*W65=0,0.1,I65*W65) -> 0.1 | J88: =IF(J65*X65=0,0.1,J65*X65) -> 0.1 | K88: =IF(K65*Y65=0,0.1,K65*Y65) -> 0.1 | L88: =IF(L65*Z65=0,0.1,L65*Z65) -> 0.1 | M88: =IF(M65*AA65=0,0.1,M65*AA65) -> 0.1
E89: RSDWOD
D90: R_ES-SH-SD_GAS_ELC | E90: RSDELC | F90: R_ES-SD-SpHeat | G90: =IF(G67*U67=0,0.1,G67*U67) -> 0.1 | H90: =IF(H67*V67=0,0.1,H67*V67) -> 0.1 | I90: =IF(I67*W67=0,0.1,I67*W67) -> 0.1 | J90: =IF(J67*X67=0,0.1,J67*X67) -> 0.1 | K90: =IF(K67*Y67=0,0.1,K67*Y67) -> 0.1 | L90: =IF(L67*Z67=0,0.1,L67*Z67) -> 0.1 | M90: =IF(M67*AA67=0,0.1,M67*AA67) -> 0.1
E91: RSDGAS
D92: R_ES-SH-SD_OIL_ELC | E92: RSDELC | F92: R_ES-SD-SpHeat | G92: =IF(G69*U69=0,0.1,G69*U69) -> 0.1 | H92: =IF(H69*V69=0,0.1,H69*V69) -> 0.1 | I92: =IF(I69*W69=0,0.1,I69*W69) -> 0.1 | J92: =IF(J69*X69=0,0.1,J69*X69) -> 0.1 | K92: =IF(K69*Y69=0,0.1,K69*Y69) -> 0.1 | L92: =IF(L69*Z69=0,0.1,L69*Z69) -> 0.1 | M92: =IF(M69*AA69=0,0.1,M69*AA69) -> 0.1
E93: RSDOIL
F106: FI_T
D107: TechName | E107: Comm-IN | F107: Comm-OUT
D108: R_ES-SH-SD_OIL_NE | E108: RSDOIL | F108: R_ES-SD-SpHeat
D109: R_ES-SH-SD_OIL_ME | E109: RSDOIL | F109: R_ES-SD-SpHeat
D110: R_ES-SH-SD_OIL_HE | E110: RSDOIL | F110: R_ES-SD-SpHeat
D111: R_ES-SH-SD_GAS_NE | E111: RSDGAS | F111: R_ES-SD-SpHeat
D112: R_ES-SH-SD_GAS_ME | E112: RSDGAS | F112: R_ES-SD-SpHeat
D113: R_ES-SH-SD_GAS_HE | E113: RSDGAS | F113: R_ES-SD-SpHeat
D114: R_ES-SH-SD_ELC | E114: RSDELC | F114: R_ES-SD-SpHeat
D115: R_ES-SH-SD_HET | E115: RSDHET | F115: R_ES-SD-SpHeat
D116: R_ES-SH-SD_COAPRO | E116: RSDCOAPRO | F116: R_ES-SD-SpHeat
D117: R_ES-SH-SD_WOD | E117: RSDWOD | F117: R_ES-SD-SpHeat
D118: R_ES-SH-SD_WOD_ELC | E118: RSDELC | F118: R_ES-SD-SpHeat
E119: RSDWOD | F119: R_ES-SD-SpHeat
D120: R_ES-SH-SD_WOD_OIL | E120: RSDOIL | F120: R_ES-SD-SpHeat
E121: RSDWOD | F121: R_ES-SD-SpHeat
D122: R_ES-SH-SD_GAS_ELC | E122: RSDELC | F122: R_ES-SD-SpHeat
E123: RSDGAS | F123: R_ES-SD-SpHeat
...

Sheet attached_DetachedHeatingStock
A5: Residential Sector | Y5: Residential Sector | AW5: Residential Sector | BU5: Residential Sector | CS5: Residential Sector | DQ5: Residential Sector | EO5: Residential Sector
A7: Atlantic | Y7: Quebec | AW7: Ontario | BU7: Manitoba | CS7: Saskatchewan | DQ7: Alberta | EO7: British Columbia and Territories1
A8: Table 22: Single Detached Heating System Stock by Heating System Type | Y8: Table 22: Single Detached Heating System Stock by Heating System Type | AW8: Table 22: Single Detached Heating System Stock by Heating System Type | BU8: Table 22: Single Detached Heating System Stock by Heating System Type | CS8: Table 22: Single Detached Heating System Stock by Heating System Type | DQ8: Table 22: Single Detached Heating System Stock by Heating System Type | EO8: Table 22: Single Detached Heating System Stock by Heating System Type
C11: 2000 | D11: 2001 | E11: 2002 | F11: 2003 | G11: 2004 | H11: 2005 | I11: 2006 | J11: 2007 | K11: 2008 | L11: 2009 | M11: 2010 | N11: 2011 | O11: 2012 | P11: 2013 | Q11: 2014 | R11: 2015 | S11: 2016 | T11: 2017 | U11: 2018 | V11: 2019 | W11: 2020 | AA11: 2000 | AB11: 2001 | AC11: 2002 | AD11: 2003 | AE11: 2004 | AF11: 2005 | AG11: 2006 | AH11: 2007 | AI11: 2008 | AJ11: 2009 | AK11: 2010 | AL11: 2011 | AM11: 2012 | AN11: 2013 | AO11: 2014 | AP11: 2015 | AQ11: 2016 | AR11: 2017 | AS11: 2018 | AT11: 2019 | AU11: 2020 | AY11: 2000 | AZ11: 2001 | BA11: 2002 | BB11: 2003 | BC11: 2004 | BD11: 2005 | BE11: 2006 | BF11: 2007 | BG11: 2008 | BH11: 2009 | BI11: 2010 | BJ11: 2011 | BK11: 2012 | BL11: 2013 | BM11: 2014 | BN11: 2015 | BO11: 2016 | BP11: 2017 | BQ11: 2018 | BR11: 2019 | BS11: 2020 | BW11: 2000 | BX11: 2001 | BY11: 2002 | BZ11: 2003 | CA11: 2004 | CB11: 2005 | CC11: 2006 | CD11: 2007 | CE11: 2008 | CF11: 2009 | CG11: 2010 | CH11: 2011 | CI11: 2012 | CJ11: 2013 | CK11: 2014 | CL11: 2015 | CM11: 2016 | CN11: 2017 | CO11: 2018 | CP11: 2019 | CQ11: 2020 | CU11: 2000 | CV11: 2001 | CW11: 2002 | CX11: 2003 | CY11: 2004 | CZ11: 2005 | DA11: 2006 | DB11: 2007 | DC11: 2008 | DD11: 2009 | DE11: 2010 | DF11: 2011 | DG11: 2012 | DH11: 2013 | DI11: 2014 | DJ11: 2015 | DK11: 2016 | DL11: 2017 | DM11: 2018 | DN11: 2019 | DO11: 2020 | DS11: 2000 | DT11: 2001 | DU11: 2002 | DV11: 2003 | DW11: 2004 | DX11: 2005 | DY11: 2006 | DZ11: 2007 | EA11: 2008 | EB11: 2009 | EC11: 2010 | ED11: 2011 | EE11: 2012 | EF11: 2013 | EG11: 2014 | EH11: 2015 | EI11: 2016 | EJ11: 2017 | EK11: 2018 | EL11: 2019 | EM11: 2020 | EQ11: 2000 | ER11: 2001 | ES11: 2002 | ET11: 2003 | EU11: 2004 | EV11: 2005 | EW11: 2006 | EX11: 2007 | EY11: 2008 | EZ11: 2009 | FA11: 2010 | FB11: 2011 | FC11: 2012 | FD11: 2013 | FE11: 2014 | FF11: 2015 | FG11: 2016 | FH11: 2017 | FI11: 2018 | FJ11: 2019 | FK11: 2020
B13: Total Single Detached Heating System Stock (thousands) | C13: 662.1 | D13: 668.1 | E13: 675 | F13: 684.1 | G13: 692.5 | H13: 700.2 | I13: 707.2 | J13: 714 | K13: 721.4 | L13: 728 | M13: 734.7 | N13: 741 | O13: 746.5 | P13: 751.7 | Q13: 755.8 | R13: 759.2 | S13: 762.5 | T13: 765.5 | U13: 769 | V13: 772.6 | W13: 776.1 | Z13: Total Single Detached Heating System Stock (thousands) | AA13: 1442.3 | AB13: 1457 | AC13: 1479.3 | AD13: 1503.2 | AE13: 1530 | AF13: 1551.2 | AG13: 1571.4 | AH13: 1591.6 | AI13: 1609.2 | AJ13: 1624.2 | AK13: 1641.1 | AL13: 1654.9 | AM13: 1669 | AN13: 1680.5 | AO13: 1690 | AP13: 1697.8 | AQ13: 1705.3 | AR13: 1712.9 | AS13: 1720 | AT13: 1726.4 | AU13: 1733.1 | AX13: Total Single Detached Heating System Stock (thousands) | AY13: 2526.9 | AZ13: 2566.5 | BA13: 2611.3 | BB13: 2655.4 | BC13: 2701 | BD13: 2741.5 | BE13: 2778.5 | BF13: 2812.1 | BG13: 2843.7 | BH13: 2865.7 | BI13: 2890.4 | BJ13: 2912.3 | BK13: 2935.7 | BL13: 2955.9 | BM13: 2975.8 | BN13: 2993.1 | BO13: 3021.3 | BP13: 3046.7 | BQ13: 3090.8 | BR13: 3139.1 | BS13: 3175.9 | BV13: Total Single Detached Heating System Stock (thousands) | BW13: 302 | BX13: 304.3 | BY13: 306.8 | BZ13: 309.5 | CA13: 312.6 | CB13: 316 | CC13: 319.2 | CD13: 322.4 | CE13: 325.7 | CF13: 328.6 | CG13: 332.1 | CH13: 335.3 | CI13: 338.2 | CJ13: 341.7 | CK13: 344.4 | CL13: 346.9 | CM13: 348.9 | CN13: 351.4 | CO13: 354 | CP13: 356.3 | CQ13: 358.5 | CT13: Total Single Detached Heating System Stock (thousands) | CU13: 294.5 | CV13: 295.9 | CW13: 297.4 | CX13: 299.2 | CY13: 300.9 | CZ13: 302.8 | DA13: 304.6 | DB13: 307.7 | DC13: 311.7 | DD13: 314.6 | DE13: 318 | DF13: 321.6 | DG13: 325.3 | DH13: 329.1 | DI13: 333.2 | DJ13: 336.2 | DK13: 338.3 | DL13: 341.1 | DM13: 342.8 | DN13: 343.9 | DO13: 345 | DR13: Total Single Detached Heating System Stock (thousands) | DS13: 733.4 | DT13: 749.8 | DU13: 769.7 | DV13: 790.7 | DW13: 810.5 | DX13: 832.9 | DY13: 856.2 | DZ13: 882.3 | EA13: 902.3 | EB13: 914.8 | EC13: 931 | ED13: 944.2 | EE13: 957.6 | EF13: 973.3 | EG13: 989.1 | EH13: 1005.1 | EI13: 1015.9 | EJ13: 1026.4 | EK13: 1037.6 | EL13: 1046.8 | EM13: 1055.8 | EP13: Total Single Detached Heating System Stock (thousands) | EQ13: 884.8 | ER13: 890.7 | ES13: 897.4 | ET13: 905.5 | EU13: 914.7 | EV13: 924.3 | EW13: 935.8 | EX13: 946.6 | EY13: 955 | EZ13: 961.5 | FA13: 969 | FB13: 976.2 | FC13: 981.8 | FD13: 988.4 | FE13: 994 | FF13: 999.2 | FG13: 1005 | FH13: 1011.9 | FI13: 1019.5 | FJ13: 1027 | FK13: 1033.6
B14: Heating System Stock by Heating System Type (thousands) | Z14: Heating System Stock by Heating System Type (thousands) | AX14: Heating System Stock by Heating System Type (thousands) | BV14: Heating System Stock by Heating System Type (thousands) | CT14: Heating System Stock by Heating System Type (thousands) | DR14: Heating System Stock by Heating System Type (thousands) | EP14: Heating System Stock by Heating System Type (thousands)
B15: Heating Oil – Normal Efficiency | C15: 99.5 | D15: 87.1 | E15: 73.9 | F15: 62 | G15: 51.6 | H15: 41.1 | I15: 32.1 | J15: 23.5 | K15: 15.5 | L15: 6.2 | M15: 0.9 | N15: 0 | O15: 0 | P15: 0 | Q15: 0 | R15: 0 | S15: 0 | T15: 0 | U15: 0 | V15: 0 | W15: 0 | Z15: Heating Oil – Normal Efficiency | AA15: 0 | AB15: 0 | AC15: 0 | AD15: 0 | AE15: 0 | AF15: 0 | AG15: 0 | AH15: 0 | AI15: 0 | AJ15: 0 | AK15: 0 | AL15: 0 | AM15: 0 | AN15: 0 | AO15: 0 | AP15: 0 | AQ15: 0 | AR15: 0 | AS15: 0 | AT15: 0 | AU15: 0 | AX15: Heating Oil – Normal Efficiency | AY15: 59.1 | AZ15: 41.9 | BA15: 22.1 | BB15: 7.8 | BC15: 0 | BD15: 0 | BE15: 0 | BF15: 0 | BG15: 0 | BH15: 0 | BI15: 0 | BJ15: 0 | BK15: 0 | BL15: 0 | BM15: 0 | BN15: 0 | BO15: 0 | BP15: 0 | BQ15: 0 | BR15: 0 | BS15: 0 | BV15: Heating Oil – Normal Efficiency | BW15: 1.4 | BX15: 0.8 | BY15: 0.4 | BZ15: 0.2 | CA15: 0 | CB15: 0 | CC15: 0 | CD15: 0 | CE15: 0 | CF15: 0 | CG15: 0 | CH15: 0 | CI15: 0 | CJ15: 0 | CK15: 0 | CL15: 0 | CM15: 0 | CN15: 0 | CO15: 0 | CP15: 0 | CQ15: 0 | CT15: Heating Oil – Normal Efficiency | CU15: 4.1 | CV15: 2.5 | CW15: 0.8 | CX15: 0 | CY15: 0 | CZ15: 0 | DA15: 0 | DB15: 0 | DC15: 0 | DD15: 0 | DE15: 0 | DF15: 0 | DG15: 0 | DH15: 0 | DI15: 0 | DJ15: 0 | DK15: 0 | DL15: 0 | DM15: 0 | DN15: 0 | DO15: 0 | DR15: Heating Oil – Normal Efficiency | DS15: 3.6 | DT15: 3.1 | DU15: 2.6 | DV15: 2.2 | DW15: 1.7 | DX15: 1.3 | DY15: 0.9 | DZ15: 0.5 | EA15: 0 | EB15: 0 | EC15: 0 | ED15: 0 | EE15: 0 | EF15: 0 | EG15: 0 | EH15: 0 | EI15: 0 | EJ15: 0 | EK15: 0 | EL15: 0 | EM15: 0 | EP15: Heating Oil – Normal Efficiency | EQ15: 21.6 | ER15: 16.2 | ES15: 10.9 | ET15: 5.4 | EU15: 4.9 | EV15: 4.4 | EW15: 4.1 | EX15: 3.6 | EY15: 3.5 | EZ15: 3.1 | FA15: 2.8 | FB15: 2.1 | FC15: 2.3 | FD15: 1.7 | FE15: 1.7 | FF15: 1.6 | FG15: 1.4 | FH15: 1 | FI15: 1.1 | FJ15: 0.6 | FK15: 1.1
B16: Heating Oil – Medium Efficiency | C16: 136.5 | D16: 149.9 | E16: 164.4 | F16: 175.5 | G16: 183.9 | H16: 191.3 | I16: 196.1 | J16: 199.5 | K16: 200.7 | L16: 201.1 | M16: 199.3 | N16: 195.5 | O16: 190.8 | P16: 185.5 | Q16: 179.5 | R16: 172.1 | S16: 163.4 | T16: 153.9 | U16: 147.9 | V16: 143 | W16: 137 | Z16: Heating Oil – Medium Efficiency | AA16: 136.9 | AB16: 139 | AC16: 145.6 | AD16: 144.8 | AE16: 144.3 | AF16: 142.8 | AG16: 141 | AH16: 139.2 | AI16: 137.9 | AJ16: 136.6 | AK16: 135.1 | AL16: 133.1 | AM16: 130.9 | AN16: 128.1 | AO16: 124.3 | AP16: 119.3 | AQ16: 112.7 | AR16: 104.6 | AS16: 95.1 | AT16: 84.4 | AU16: 73 | AX16: Heating Oil – Medium Efficiency | AY16: 113.6 | AZ16: 122.4 | BA16: 123.9 | BB16: 126.8 | BC16: 131.9 | BD16: 134.2 | BE16: 133.4 | BF16: 132.6 | BG16: 131.8 | BH16: 130.8 | BI16: 129.2 | BJ16: 127 | BK16: 124.2 | BL16: 120.3 | BM16: 114.1 | BN16: 107.2 | BO16: 99.9 | BP16: 92 | BQ16: 83.8 | BR16: 75.2 | BS16: 66.2 | BV16: Heating Oil – Medium Efficiency | BW16: 4.3 | BX16: 4.3 | BY16: 4.3 | BZ16: 4.3 | CA16: 4.3 | CB16: 4.3 | CC16: 4.3 | CD16: 4.3 | CE16: 4.3 | CF16: 4.3 | CG16: 4.3 | CH16: 4.3 | CI16: 4.2 | CJ16: 4.2 | CK16: 4 | CL16: 3.8 | CM16: 3.5 | CN16: 3.1 | CO16: 2.6 | CP16: 2.1 | CQ16: 1.6 | CT16: Heating Oil – Medium Efficiency | CU16: 6 | CV16: 7.4 | CW16: 7.5 | CX16: 7.6 | CY16: 7.6 | CZ16: 7.6 | DA16: 7.5 | DB16: 7.5 | DC16: 7.5 | DD16: 7.5 | DE16: 7.4 | DF16: 7.4 | DG16: 7.4 | DH16: 7.4 | DI16: 7.4 | DJ16: 7.3 | DK16: 7.1 | DL16: 6.8 | DM16: 6.4 | DN16: 5.9 | DO16: 5.2 | DR16: Heating Oil – Medium Efficiency | DS16: 1.3 | DT16: 1.7 | DU16: 2.1 | DV16: 2.6 | DW16: 2.9 | DX16: 3.1 | DY16: 3.2 | DZ16: 3.3 | EA16: 3.3 | EB16: 3.2 | EC16: 3.2 | ED16: 3.1 | EE16: 3 | EF16: 2.9 | EG16: 2.8 | EH16: 2.7 | EI16: 2.5 | EJ16: 2.4 | EK16: 2.3 | EL16: 2.2 | EM16: 2.2 | EP16: Heating Oil – Medium Efficiency | EQ16: 19.7 | ER16: 24.4 | ES16: 27.3 | ET16: 29.2 | EU16: 31.9 | EV16: 34.2 | EW16: 36.6 | EX16: 37.5 | EY16: 37.5 | EZ16: 37.7 | FA16: 37.9 | FB16: 39.5 | FC16: 39.5 | FD16: 40.1 | FE16: 39.6 | FF16: 39 | FG16: 38.4 | FH16: 37.7 | FI16: 36.6 | FJ16: 36 | FK16: 34.5
B17: Heating Oil – High Efficiency | C17: 0 | D17: 0 | E17: 0 | F17: 0 | G17: 0 | H17: 0 | I17: 0 | J17: 0 | K17: 0 | L17: 0 | M17: 0 | N17: 0 | O17: 0 | P17: 0 | Q17: 0 | R17: 0 | S17: 0 | T17: 0 | U17: 0 | V17: 0 | W17: 0 | Z17: Heating Oil – High Efficiency | AA17: 0 | AB17: 0 | AC17: 0 | AD17: 0 | AE17: 0 | AF17: 0 | AG17: 0 | AH17: 0 | AI17: 0 | AJ17: 0 | AK17: 0 | AL17: 0 | AM17: 0 | AN17: 0 | AO17: 0 | AP17: 0 | AQ17: 0 | AR17: 0 | AS17: 0 | AT17: 0 | AU17: 0 | AX17: Heating Oil – High Efficiency | AY17: 0 | AZ17: 0 | BA17: 0 | BB17: 0 | BC17: 0 | BD17: 0 | BE17: 0 | BF17: 0 | BG17: 0 | BH17: 0 | BI17: 0 | BJ17: 0 | BK17: 0 | BL17: 0 | BM17: 0 | BN17: 0 | BO17: 0 | BP17: 0 | BQ17: 0 | BR17: 0 | BS17: 0 | BV17: Heating Oil – High Efficiency | BW17: 0 | BX17: 0 | BY17: 0 | BZ17: 0 | CA17: 0 | CB17: 0 | CC17: 0 | CD17: 0 | CE17: 0 | CF17: 0 | CG17: 0 | CH17: 0 | CI17: 0 | CJ17: 0 | CK17: 0 | CL17: 0 | CM17: 0 | CN17: 0 | CO17: 0 | CP17: 0 | CQ17: 0 | CT17: Heating Oil – High Efficiency | CU17: 0 | CV17: 0 | CW17: 0 | CX17: 0 | CY17: 0 | CZ17: 0 | DA17: 0 | DB17: 0 | DC17: 0 | DD17: 0 | DE17: 0 | DF17: 0 | DG17: 0 | DH17: 0 | DI17: 0 | DJ17: 0 | DK17: 0 | DL17: 0 | DM17: 0 | DN17: 0 | DO17: 0 | DR17: Heating Oil – High Efficiency | DS17: 0 | DT17: 0 | DU17: 0 | DV17: 0 | DW17: 0 | DX17: 0 | DY17: 0 | DZ17: 0 | EA17: 0 | EB17: 0 | EC17: 0 | ED17: 0 | EE17: 0 | EF17: 0 | EG17: 0 | EH17: 0 | EI17: 0 | EJ17: 0 | EK17: 0 | EL17: 0 | EM17: 0 | EP17: Heating Oil – High Efficiency | EQ17: 0 | ER17: 0 | ES17: 0 | ET17: 0 | EU17: 0 | EV17: 0 | EW17: 0 | EX17: 0 | EY17: 0 | EZ17: 0 | FA17: 0 | FB17: 0 | FC17: 0 | FD17: 0 | FE17: 0 | FF17: 0 | FG17: 0 | FH17: 0 | FI17: 0 | FJ17: 0 | FK17: 0
B18: Natural Gas – Normal Efficiency | C18: 1.5 | D18: 1.5 | E18: 1.5 | F18: 1.5 | G18: 1.4 | H18: 1.3 | I18: 1.2 | J18: 1.1 | K18: 1 | L18: 0.9 | M18: 0.7 | N18: 0.6 | O18: 0.5 | P18: 0.4 | Q18: 0.3 | R18: 0.2 | S18: 0.1 | T18: 0.1 | U18: 0.2 | V18: 0.1 | W18: 0.1 | Z18: Natural Gas – Normal Efficiency | AA18: 51.7 | AB18: 50.2 | AC18: 45.7 | AD18: 41 | AE18: 35.2 | AF18: 29 | AG18: 22.4 | AH18: 15.9 | AI18: 9.9 | AJ18: 4.3 | AK18: 0 | AL18: 0 | AM18: 0 | AN18: 0 | AO18: 0 | AP18: 0 | AQ18: 0 | AR18: 0 | AS18: 0 | AT18: 0 | AU18: 0 | AX18: Natural Gas – Normal Efficiency | AY18: 735.9 | AZ18: 690 | BA18: 640 | BB18: 585.6 | BC18: 524.4 | BD18: 459.7 | BE18: 393.3 | BF18: 327.5 | BG18: 264.4 | BH18: 202.4 | BI18: 146 | BJ18: 92.6 | BK18: 43.2 | BL18: 0 | BM18: 0 | BN18: 0 | BO18: 0 | BP18: 0 | BQ18: 0 | BR18: 0 | BS18: 0 | BV18: Natural Gas – Normal Efficiency | BW18: 83.8 | BX18: 77.6 | BY18: 71.1 | BZ18: 64.6 | CA18: 57.8 | CB18: 51.1 | CC18: 44.4 | CD18: 37.8 | CE18: 31.5 | CF18: 25.8 | CG18: 20.4 | CH18: 15 | CI18: 9.9 | CJ18: 5.4 | CK18: 1.2 | CL18: 0 | CM18: 0 | CN18: 0 | CO18: 0 | CP18: 0 | CQ18: 0 | CT18: Natural Gas – Normal Efficiency | CU18: 139.1 | CV18: 129.6 | CW18: 120 | CX18: 109.7 | CY18: 98.5 | CZ18: 87.1 | DA18: 76.2 | DB18: 65.3 | DC18: 55 | DD18: 45.5 | DE18: 36.5 | DF18: 28 | DG18: 20.2 | DH18: 13.1 | DI18: 7.2 | DJ18: 1.9 | DK18: 0 | DL18: 0 | DM18: 0 | DN18: 0 | DO18: 0 | DR18: Natural Gas – Normal Efficiency | DS18: 328.2 | DT18: 304.5 | DU18: 278.9 | DV18: 254.8 | DW18: 221.8 | DX18: 191.9 | DY18: 163 | DZ18: 136 | EA18: 112.1 | EB18: 88.8 | EC18: 70.4 | ED18: 51.7 | EE18: 33.9 | EF18: 18.1 | EG18: 4.5 | EH18: 0 | EI18: 0 | EJ18: 0 | EK18: 0 | EL18: 0 | EM18: 0 | EP18: Natural Gas – Normal Efficiency | EQ18: 213.4 | ER18: 196.5 | ES18: 178.5 | ET18: 160.2 | EU18: 139.4 | EV18: 119.3 | EW18: 99.1 | EX18: 81.1 | EY18: 64.4 | EZ18: 46.7 | FA18: 33.4 | FB18: 21 | FC18: 9 | FD18: 0.3 | FE18: 0.2 | FF18: 0.2 | FG18: 0.1 | FH18: 0.1 | FI18: 0 | FJ18: 0 | FK18: 0
B19: Natural Gas – Medium Efficiency | C19: 3.5 | D19: 3.5 | E19: 3.6 | F19: 3.7 | G19: 3.7 | H19: 3.7 | I19: 3.7 | J19: 3.7 | K19: 3.7 | L19: 3.7 | M19: 3.6 | N19: 3.6 | O19: 3.5 | P19: 3.4 | Q19: 3.3 | R19: 3.3 | S19: 3.1 | T19: 3 | U19: 2.8 | V19: 2.5 | W19: 2.1 | Z19: Natural Gas – Medium Efficiency | AA19: 8 | AB19: 8.2 | AC19: 8.5 | AD19: 9.3 | AE19: 10.6 | AF19: 11.4 | AG19: 12.1 | AH19: 12.4 | AI19: 12.5 | AJ19: 12.4 | AK19: 12 | AL19: 11.4 | AM19: 10.8 | AN19: 10.3 | AO19: 9.7 | AP19: 9.1 | AQ19: 8.6 | AR19: 8 | AS19: 7.6 | AT19: 7.2 | AU19: 6.9 | AX19: Natural Gas – Medium Efficiency | AY19: 484.2 | AZ19: 518.7 | BA19: 556.2 | BB19: 588.9 | BC19: 617.6 | BD19: 640.2 | BE19: 658.6 | BF19: 674.9 | BG19: 681.9 | BH19: 683.5 | BI19: 675.6 | BJ19: 665.9 | BK19: 653.5 | BL19: 636.4 | BM19: 606.8 | BN19: 573.4 | BO19: 537.3 | BP19: 498.4 | BQ19: 459.3 | BR19: 420.5 | BS19: 382.5 | BV19: Natural Gas – Medium Efficiency | BW19: 49.3 | BX19: 52.8 | BY19: 55.7 | BZ19: 58.4 | CA19: 60.6 | CB19: 62.4 | CC19: 64.1 | CD19: 66.1 | CE19: 66.6 | CF19: 66.9 | CG19: 66.2 | CH19: 65.4 | CI19: 64.1 | CJ19: 62.4 | CK19: 60.2 | CL19: 57 | CM19: 53.2 | CN19: 49 | CO19: 44.8 | CP19: 40.6 | CQ19: 36.5 | CT19: Natural Gas – Medium Efficiency | CU19: 63.9 | CV19: 69.5 | CW19: 75.6 | CX19: 81.3 | CY19: 86.6 | CZ19: 91.7 | DA19: 96.2 | DB19: 99.2 | DC19: 101.4 | DD19: 101.8 | DE19: 100.9 | DF19: 99.7 | DG19: 98.3 | DH19: 96.3 | DI19: 93.7 | DJ19: 90.5 | DK19: 86 | DL19: 80.8 | DM19: 75.6 | DN19: 70.1 | DO19: 64.8 | DR19: Natural Gas – Medium Efficiency | DS19: 320.5 | DT19: 348.5 | DU19: 380.1 | DV19: 408.5 | DW19: 440.6 | DX19: 470.7 | DY19: 498.9 | DZ19: 523.6 | EA19: 535.4 | EB19: 542.2 | EC19: 538 | ED19: 532.4 | EE19: 525.3 | EF19: 516.2 | EG19: 504.6 | EH19: 486.8 | EI19: 464.8 | EJ19: 441.2 | EK19: 416.8 | EL19: 391 | EM19: 365 | EP19: Natural Gas – Medium Efficiency | EQ19: 162 | ER19: 173 | ES19: 187.2 | ET19: 202.2 | EU19: 215.3 | EV19: 227 | EW19: 237.9 | EX19: 247.2 | EY19: 252.3 | EZ19: 256.6 | FA19: 255.2 | FB19: 253.1 | FC19: 250 | FD19: 245.2 | FE19: 236.7 | FF19: 226.5 | FG19: 215.4 | FH19: 202.8 | FI19: 189.8 | FJ19: 176.2 | FK19: 162.6
B20: Natural Gas – High Efficiency | C20: 4 | D20: 4.1 | E20: 4.3 | F20: 4.6 | G20: 4.8 | H20: 5.2 | I20: 6.1 | J20: 7.3 | K20: 7.8 | L20: 8.1 | M20: 8.3 | N20: 8.9 | O20: 9.1 | P20: 9.3 | Q20: 9.4 | R20: 10.5 | S20: 12.7 | T20: 14.3 | U20: 15.2 | V20: 16.3 | W20: 17.5 | Z20: Natural Gas – High Efficiency | AA20: 10.7 | AB20: 11 | AC20: 11.7 | AD20: 13.9 | AE20: 18.4 | AF20: 22.3 | AG20: 27.1 | AH20: 34.5 | AI20: 39.5 | AJ20: 44.7 | AK20: 50.4 | AL20: 55.1 | AM20: 59.1 | AN20: 62.3 | AO20: 65.1 | AP20: 66.7 | AQ20: 69.1 | AR20: 70.5 | AS20: 72 | AT20: 73.1 | AU20: 74.1 | AX20: Natural Gas – High Efficiency | AY20: 392.8 | AZ20: 440.5 | BA20: 500.2 | BB20: 560.5 | BC20: 625.8 | BD20: 689.7 | BE20: 759.6 | BF20: 825 | BG20: 892.3 | BH20: 954.3 | BI20: 1022.6 | BJ20: 1087.5 | BK20: 1151.8 | BL20: 1213.3 | BM20: 1257.6 | BN20: 1302.1 | BO20: 1353.7 | BP20: 1404.4 | BQ20: 1471.8 | BR20: 1540.6 | BS20: 1600.6 | BV20: Natural Gas – High Efficiency | BW20: 40.5 | BX20: 45.6 | BY20: 50.5 | BZ20: 56 | CA20: 61.4 | CB20: 66.8 | CC20: 73.6 | CD20: 78.5 | CE20: 84.1 | CF20: 90.4 | CG20: 97.2 | CH20: 103.9 | CI20: 110.3 | CJ20: 116.7 | CK20: 122.9 | CL20: 128 | CM20: 132.6 | CN20: 137.4 | CO20: 142.9 | CP20: 148 | CQ20: 152.8 | CT20: Natural Gas – High Efficiency | CU20: 49.1 | CV20: 54.5 | CW20: 60.9 | CX20: 67.7 | CY20: 74.9 | CZ20: 82.7 | DA20: 90.3 | DB20: 100.4 | DC20: 111.3 | DD20: 122 | DE20: 133.6 | DF20: 144.9 | DG20: 155.5 | DH20: 165.7 | DI20: 175 | DJ20: 183 | DK20: 188.2 | DL20: 192.5 | DM20: 197.9 | DN20: 202.9 | DO20: 207.6 | DR20: Natural Gas – High Efficiency | DS20: 37.5 | DT20: 46.8 | DU20: 58.8 | DV20: 71 | DW20: 86.7 | DX20: 103.5 | DY20: 121.5 | DZ20: 143.2 | EA20: 169 | EB20: 189.9 | EC20: 222.1 | ED20: 252.8 | EE20: 283.5 | EF20: 315.5 | EG20: 347.4 | EH20: 376.6 | EI20: 400.7 | EJ20: 424.9 | EK20: 454.7 | EL20: 483.7 | EM20: 512.4 | EP20: Natural Gas – High Efficiency | EQ20: 90.7 | ER20: 97.6 | ES20: 107.1 | ET20: 117.8 | EU20: 127.9 | EV20: 137.7 | EW20: 147.1 | EX20: 155.5 | EY20: 166.5 | EZ20: 174.3 | FA20: 182.4 | FB20: 189.2 | FC20: 195.8 | FD20: 202.3 | FE20: 207.8 | FF20: 214.5 | FG20: 220.7 | FH20: 228.4 | FI20: 240.8 | FJ20: 253.4 | FK20: 265.2
B21: Electric | C21: 238.5 | D21: 242.5 | E21: 245.7 | F21: 252.1 | G21: 259.7 | H21: 268.2 | I21: 278.1 | J21: 288.2 | K21: 301 | L21: 316.8 | M21: 332.3 | N21: 345.7 | O21: 358.6 | P21: 371.7 | Q21: 383.6 | R21: 393.8 | S21: 403.9 | T21: 414.8 | U21: 422.2 | V21: 428.8 | W21: 435.8 | Z21: Electric | AA21: 616.5 | AB21: 622.4 | AC21: 634.4 | AD21: 651.4 | AE21: 667.7 | AF21: 683.1 | AG21: 703.3 | AH21: 719.9 | AI21: 732 | AJ21: 740.7 | AK21: 749.7 | AL21: 754.2 | AM21: 759.1 | AN21: 762.2 | AO21: 764.3 | AP21: 765.8 | AQ21: 767.3 | AR21: 769.7 | AS21: 770.4 | AT21: 771.3 | AU21: 772.5 | AX21: Electric | AY21: 338.1 | AZ21: 336.6 | BA21: 338 | BB21: 339.8 | BC21: 341.3 | BD21: 343.7 | BE21: 347.4 | BF21: 352 | BG21: 358.9 | BH21: 365.8 | BI21: 374 | BJ21: 381.9 | BK21: 389.9 | BL21: 397.4 | BM21: 399.8 | BN21: 402.8 | BO21: 408.5 | BP21: 414.6 | BQ21: 420.7 | BR21: 428.1 | BS21: 433.7 | BV21: Electric | BW21: 89.7 | BX21: 89.9 | BY21: 91.4 | BZ21: 91.6 | CA21: 94.1 | CB21: 96.9 | CC21: 98.4 | CD21: 101.5 | CE21: 104.9 | CF21: 107.2 | CG21: 110.1 | CH21: 112.9 | CI21: 115.4 | CJ21: 118.2 | CK21: 120.7 | CL21: 122.3 | CM21: 123.6 | CN21: 125.4 | CO21: 126.7 | CP21: 127.9 | CQ21: 129.3 | CT21: Electric | CU21: 8 | CV21: 7.6 | CW21: 7.3 | CX21: 7 | CY21: 6.9 | CZ21: 7 | DA21: 7.4 | DB21: 8.1 | DC21: 9.2 | DD21: 10.6 | DE21: 12.5 | DF21: 14.6 | DG21: 17.1 | DH21: 19.9 | DI21: 23 | DJ21: 26.5 | DK21: 30.2 | DL21: 34.2 | DM21: 36.1 | DN21: 38 | DO21: 40.2 | DR21: Electric | DS21: 11.4 | DT21: 13.1 | DU21: 13.8 | DV21: 17.1 | DW21: 20.9 | DX21: 25.1 | DY21: 30.1 | DZ21: 35.7 | EA21: 41 | EB21: 48 | EC21: 53.5 | ED21: 59.4 | EE21: 65.9 | EF21: 73.2 | EG21: 81.2 | EH21: 89.5 | EI21: 97.8 | EJ21: 106.8 | EK21: 111.6 | EL21: 116.5 | EM21: 121.8 | EP21: Electric | EQ21: 235.7 | ER21: 236.4 | ES21: 235.5 | ET21: 235.7 | EU21: 237.2 | EV21: 240.8 | EW21: 247 | EX21: 254.7 | EY21: 261.6 | EZ21: 271.3 | FA21: 282.9 | FB21: 294.2 | FC21: 305.5 | FD21: 316.8 | FE21: 325 | FF21: 333.4 | FG21: 343.3 | FH21: 354.1 | FI21: 360.4 | FJ21: 366.9 | FK21: 373.1
B22: Heat Pump | C22: 17 | D22: 17.9 | E22: 18.9 | F22: 19.9 | G22: 20.9 | H22: 21.9 | I22: 22.8 | J22: 23.7 | K22: 24.6 | L22: 25.5 | M22: 26.3 | N22: 26.9 | O22: 27.5 | P22: 28.1 | Q22: 28.7 | R22: 29.2 | S22: 29.8 | T22: 30.4 | U22: 31.2 | V22: 32 | W22: 32.9 | Z22: Heat Pump | AA22: 120.5 | AB22: 125.2 | AC22: 130.2 | AD22: 135.5 | AE22: 141 | AF22: 146.1 | AG22: 150.8 | AH22: 155.4 | AI22: 160.3 | AJ22: 165 | AK22: 169.5 | AL22: 173.4 | AM22: 177.5 | AN22: 181.6 | AO22: 185.6 | AP22: 189.8 | AQ22: 194.1 | AR22: 198.9 | AS22: 204.3 | AT22: 209.9 | AU22: 215.7 | AX22: Heat Pump | AY22: 160.6 | AZ22: 169.6 | BA22: 179.6 | BB22: 189.7 | BC22: 199.3 | BD22: 208.7 | BE22: 217 | BF22: 225.8 | BG22: 234.4 | BH22: 242.6 | BI22: 250.2 | BJ22: 257.7 | BK22: 265.9 | BL22: 273.5 | BM22: 278.1 | BN22: 282.8 | BO22: 289.8 | BP22: 296.9 | BQ22: 307.6 | BR22: 319 | BS22: 329.3 | BV22: Heat Pump | BW22: 7 | BX22: 7.3 | BY22: 7.7 | BZ22: 8.1 | CA22: 8.5 | CB22: 8.9 | CC22: 9.3 | CD22: 9.7 | CE22: 10.1 | CF22: 10.5 | CG22: 10.9 | CH22: 11.3 | CI22: 11.7 | CJ22: 12.1 | CK22: 12.6 | CL22: 12.9 | CM22: 13.2 | CN22: 13.6 | CO22: 14 | CP22: 14.3 | CQ22: 14.8 | CT22: Heat Pump | CU22: 6.7 | CV22: 7 | CW22: 7.3 | CX22: 7.6 | CY22: 8 | CZ22: 8.3 | DA22: 8.6 | DB22: 8.9 | DC22: 9.4 | DD22: 9.7 | DE22: 10.1 | DF22: 10.5 | DG22: 10.9 | DH22: 11.3 | DI22: 11.8 | DJ22: 12.2 | DK22: 12.5 | DL22: 12.8 | DM22: 13.2 | DN22: 13.5 | DO22: 13.8 | DR22: Heat Pump | DS22: 13.5 | DT22: 14.5 | DU22: 15.5 | DV22: 16.5 | DW22: 17.6 | DX22: 18.8 | DY22: 20 | DZ22: 21.4 | EA22: 22.6 | EB22: 23.7 | EC22: 24.8 | ED22: 25.9 | EE22: 27 | EF22: 28.3 | EG22: 29.6 | EH22: 30.6 | EI22: 31.5 | EJ22: 32.5 | EK22: 33.5 | EL22: 34.5 | EM22: 35.5 | EP22: Heat Pump | EQ22: 24.7 | ER22: 26 | ES22: 27.3 | ET22: 28.5 | EU22: 29.7 | EV22: 30.8 | EW22: 32.2 | EX22: 33.5 | EY22: 34.6 | EZ22: 35.7 | FA22: 36.9 | FB22: 38.1 | FC22: 39.2 | FD22: 40.3 | FE22: 41 | FF22: 41.8 | FG22: 42.7 | FH22: 43.7 | FI22: 45 | FJ22: 46.2 | FK22: 47.5
B23: Other1 | C23: 7.1 | D23: 7.1 | E23: 7.1 | F23: 7.8 | G23: 8.6 | H23: 9.3 | I23: 10 | J23: 10.7 | K23: 11.3 | L23: 12 | M23: 11.8 | N23: 11.5 | O23: 11.3 | P23: 11 | Q23: 10.7 | R23: 10.3 | S23: 10 | T23: 9.7 | U23: 9.6 | V23: 9.5 | W23: 9.4 | Z23: Other1 | AA23: 1.9 | AB23: 1.9 | AC23: 1.9 | AD23: 1.9 | AE23: 1.9 | AF23: 1.9 | AG23: 2 | AH23: 2.1 | AI23: 2.3 | AJ23: 2.5 | AK23: 2.8 | AL23: 3.1 | AM23: 3.4 | AN23: 3.7 | AO23: 4.1 | AP23: 4.6 | AQ23: 5 | AR23: 5.6 | AS23: 5.9 | AT23: 6.1 | AU23: 6.5 | AX23: Other1 | AY23: 31.8 | AZ23: 31.7 | BA23: 31.8 | BB23: 31.9 | BC23: 32.4 | BD23: 33.2 | BE23: 34.5 | BF23: 36.4 | BG23: 38.9 | BH23: 41.9 | BI23: 45.7 | BJ23: 49.8 | BK23: 54.3 | BL23: 59.1 | BM23: 63.6 | BN23: 68.6 | BO23: 74.5 | BP23: 80.9 | BQ23: 84.9 | BR23: 89.4 | BS23: 93.8 | BV23: Other1 | BW23: 2.9 | BX23: 2.9 | BY23: 2.9 | BZ23: 2.9 | CA23: 2.9 | CB23: 2.8 | CC23: 2.8 | CD23: 2.7 | CE23: 2.6 | CF23: 2.5 | CG23: 2.3 | CH23: 2.2 | CI23: 2.1 | CJ23: 2 | CK23: 1.9 | CL23: 1.7 | CM23: 1.6 | CN23: 1.5 | CO23: 1.5 | CP23: 1.4 | CQ23: 1.4 | CT23: Other1 | CU23: 5 | CV23: 5 | CW23: 5.1 | CX23: 5.1 | CY23: 5.1 | CZ23: 5.1 | DA23: 5.1 | DB23: 5 | DC23: 5 | DD23: 4.9 | DE23: 4.8 | DF23: 4.8 | DG23: 4.7 | DH23: 4.6 | DI23: 4.5 | DJ23: 4.4 | DK23: 4.3 | DL23: 4.2 | DM23: 4.1 | DN23: 4 | DO23: 4 | DR23: Other1 | DS23: 10.6 | DT23: 10.6 | DU23: 10.7 | DV23: 10.7 | DW23: 10.8 | DX23: 10.8 | DY23: 10.8 | DZ23: 10.8 | EA23: 10.7 | EB23: 10.5 | EC23: 10.2 | ED23: 10 | EE23: 9.7 | EF23: 9.5 | EG23: 9.3 | EH23: 9 | EI23: 8.7 | EJ23: 8.4 | EK23: 8.2 | EL23: 8.1 | EM23: 8 | EP23: Other1 | EQ23: 16.3 | ER23: 16.7 | ES23: 17.1 | ET23: 17.1 | EU23: 16.9 | EV23: 16.5 | EW23: 16.1 | EX23: 15.6 | EY23: 15 | EZ23: 14.3 | FA23: 13.5 | FB23: 13 | FC23: 12.3 | FD23: 11.7 | FE23: 11 | FF23: 10.3 | FG23: 9.8 | FH23: 9.2 | FI23: 9 | FJ23: 8.8 | FK23: 8.7
B24: Wood | C24: 19.1 | D24: 18 | E24: 17.9 | F24: 18.1 | G24: 17.8 | H24: 17.5 | I24: 15.9 | J24: 14.7 | K24: 13.4 | L24: 11 | M24: 8.7 | N24: 6.3 | O24: 3.8 | P24: 1.3 | Q24: 0 | R24: 0 | S24: 0 | T24: 0 | U24: 0 | V24: 0 | W24: 0 | Z24: Wood | AA24: 21.8 | AB24: 18.4 | AC24: 16.1 | AD24: 14.9 | AE24: 15.1 | AF24: 14.2 | AG24: 8.4 | AH24: 4.7 | AI24: 1.9 | AJ24: 0 | AK24: 0 | AL24: 0 | AM24: 0 | AN24: 0 | AO24: 0 | AP24: 0 | AQ24: 0 | AR24: 0 | AS24: 0 | AT24: 0 | AU24: 0 | AX24: Wood | AY24: 0 | AZ24: 0 | BA24: 0 | BB24: 0 | BC24: 0 | BD24: 0 | BE24: 0 | BF24: 0 | BG24: 0 | BH24: 0 | BI24: 0 | BJ24: 0 | BK24: 0 | BL24: 0 | BM24: 0 | BN24: 0 | BO24: 0 | BP24: 0 | BQ24: 0 | BR24: 0 | BS24: 0 | BV24: Wood | BW24: 5.7 | BX24: 5.4 | BY24: 4.8 | BZ24: 5 | CA24: 4.6 | CB24: 4 | CC24: 3.3 | CD24: 2.6 | CE24: 2 | CF24: 1.3 | CG24: 0.5 | CH24: 0 | CI24: 0 | CJ24: 0 | CK24: 0 | CL24: 0 | CM24: 0 | CN24: 0 | CO24: 0 | CP24: 0 | CQ24: 0 | CT24: Wood | CU24: 4.1 | CV24: 4.1 | CW24: 4.2 | CX24: 4.4 | CY24: 4.5 | CZ24: 4.5 | DA24: 4.4 | DB24: 4.2 | DC24: 3.9 | DD24: 3.6 | DE24: 3 | DF24: 2.5 | DG24: 2.1 | DH24: 1.6 | DI24: 1.3 | DJ24: 0.9 | DK24: 0.6 | DL24: 0.3 | DM24: 0.2 | DN24: 0.1 | DO24: 0 | DR24: Wood | DS24: 0.5 | DT24: 0.5 | DU24: 0.4 | DV24: 0.3 | DW24: 0.3 | DX24: 0.2 | DY24: 0.1 | DZ24: 0 | EA24: 0 | EB24: 0 | EC24: 0 | ED24: 0 | EE24: 0 | EF24: 0 | EG24: 0 | EH24: 0 | EI24: 0 | EJ24: 0 | EK24: 0 | EL24: 0 | EM24: 0 | EP24: Wood | EQ24: 0.9 | ER24: 0.9 | ES24: 0.9 | ET24: 1 | EU24: 1.1 | EV24: 1 | EW24: 1 | EX24: 1 | EY24: 1 | EZ24: 1 | FA24: 1 | FB24: 1.1 | FC24: 1.1 | FD24: 1.1 | FE24: 1.2 | FF24: 1.2 | FG24: 1.2 | FH24: 1.2 | FI24: 1.2 | FJ24: 1.2 | FK24: 1.2
B25: Dual Systems | Z25: Dual Systems | AX25: Dual Systems | BV25: Dual Systems | CT25: Dual Systems | DR25: Dual Systems | EP25: Dual Systems
B26: Wood/Electric | C26: 69.2 | D26: 69.7 | E26: 70.1 | F26: 70.5 | G26: 71 | H26: 71.1 | I26: 71.2 | J26: 71.2 | K26: 71.3 | L26: 71.4 | M26: 71.3 | N26: 70.8 | O26: 70.5 | P26: 70.3 | Q26: 70 | R26: 69.7 | S26: 69.4 | T26: 69.3 | U26: 69.6 | V26: 69.9 | W26: 70.3 | Z26: Wood/Electric | AA26: 313.1 | AB26: 316.2 | AC26: 318.1 | AD26: 320.5 | AE26: 322.8 | AF26: 324.9 | AG26: 326.4 | AH26: 327.7 | AI26: 330.2 | AJ26: 332.5 | AK26: 334.1 | AL26: 335.2 | AM26: 336.7 | AN26: 338.5 | AO26: 340.7 | AP26: 343.4 | AQ26: 346.5 | AR26: 350.3 | AS26: 355.3 | AT26: 360.7 | AU26: 366.3 | AX26: Wood/Electric | AY26: 97.2 | AZ26: 99 | BA26: 100.9 | BB26: 102.9 | BC26: 104.4 | BD26: 105.9 | BE26: 106.9 | BF26: 108.1 | BG26: 109.4 | BH26: 110.8 | BI26: 111.8 | BJ26: 112.9 | BK26: 114.1 | BL26: 115.2 | BM26: 115 | BN26: 115.1 | BO26: 115.5 | BP26: 116.3 | BQ26: 117.5 | BR26: 119 | BS26: 120.4 | BV26: Wood/Electric | BW26: 13.9 | BX26: 14.1 | BY26: 14.3 | BZ26: 14.5 | CA26: 14.7 | CB26: 14.9 | CC26: 15 | CD26: 15.2 | CE26: 15.4 | CF26: 15.6 | CG26: 15.7 | CH26: 15.9 | CI26: 16 | CJ26: 16.2 | CK26: 16.4 | CL26: 16.5 | CM26: 16.5 | CN26: 16.6 | CO26: 16.8 | CP26: 16.9 | CQ26: 17.1 | CT26: Wood/Electric | CU26: 2.5 | CV26: 2.5 | CW26: 2.5 | CX26: 2.5 | CY26: 2.4 | CZ26: 2.4 | DA26: 2.4 | DB26: 2.4 | DC26: 2.4 | DD26: 2.4 | DE26: 2.4 | DF26: 2.4 | DG26: 2.4 | DH26: 2.4 | DI26: 2.3 | DJ26: 2.3 | DK26: 2.3 | DL26: 2.3 | DM26: 2.3 | DN26: 2.3 | DO26: 2.3 | DR26: Wood/Electric | DS26: 0.9 | DT26: 1 | DU26: 1 | DV26: 1 | DW26: 1.1 | DX26: 1.1 | DY26: 1.1 | DZ26: 1.2 | EA26: 1.2 | EB26: 1.2 | EC26: 1.3 | ED26: 1.3 | EE26: 1.3 | EF26: 1.4 | EG26: 1.4 | EH26: 1.4 | EI26: 1.4 | EJ26: 1.5 | EK26: 1.5 | EL26: 1.5 | EM26: 1.5 | EP26: Wood/Electric | EQ26: 60.4 | ER26: 62.1 | ES26: 63.6 | ET26: 65.1 | EU26: 66.3 | EV26: 67.3 | EW26: 68.5 | EX26: 69.7 | EY26: 70.6 | EZ26: 71.7 | FA26: 72.9 | FB26: 74.1 | FC26: 75.2 | FD26: 76.2 | FE26: 76.6 | FF26: 77 | FG26: 77.8 | FH26: 78.6 | FI26: 79.7 | FJ26: 80.8 | FK26: 81.9
B27: Wood/Heating Oil | C27: 62.5 | D27: 63.1 | E27: 63.7 | F27: 64.3 | G27: 64.9 | H27: 65.3 | I27: 65.6 | J27: 66 | K27: 66.4 | L27: 66.7 | M27: 66.8 | N27: 66.4 | O27: 66 | P27: 65.7 | Q27: 65.3 | R27: 65 | S27: 64.7 | T27: 64.6 | U27: 64.9 | V27: 65 | W27: 65.4 | Z27: Wood/Heating Oil | AA27: 80.2 | AB27: 81 | AC27: 81.5 | AD27: 82.1 | AE27: 82.7 | AF27: 83.2 | AG27: 83.6 | AH27: 83.9 | AI27: 84.6 | AJ27: 85.2 | AK27: 85.6 | AL27: 85.9 | AM27: 86.2 | AN27: 86.7 | AO27: 87.3 | AP27: 88 | AQ27: 88.8 | AR27: 89.7 | AS27: 91 | AT27: 92.4 | AU27: 93.8 | AX27: Wood/Heating Oil | AY27: 87 | AZ27: 88.6 | BA27: 90.3 | BB27: 92.1 | BC27: 93.5 | BD27: 94.8 | BE27: 95.8 | BF27: 96.9 | BG27: 98.1 | BH27: 99.3 | BI27: 100.3 | BJ27: 101.3 | BK27: 102.4 | BL27: 103.4 | BM27: 103.3 | BN27: 103.3 | BO27: 103.8 | BP27: 104.5 | BQ27: 105.6 | BR27: 106.9 | BS27: 108.2 | BV27: Wood/Heating Oil | BW27: 2.2 | BX27: 2.3 | BY27: 2.3 | BZ27: 2.3 | CA27: 2.4 | CB27: 2.4 | CC27: 2.4 | CD27: 2.5 | CE27: 2.5 | CF27: 2.5 | CG27: 2.6 | CH27: 2.6 | CI27: 2.6 | CJ27: 2.7 | CK27: 2.7 | CL27: 2.7 | CM27: 2.7 | CN27: 2.8 | CO27: 2.8 | CP27: 2.8 | CQ27: 2.8 | CT27: Wood/Heating Oil | CU27: 3.6 | CV27: 3.6 | CW27: 3.6 | CX27: 3.6 | CY27: 3.6 | CZ27: 3.6 | DA27: 3.5 | DB27: 3.5 | DC27: 3.5 | DD27: 3.5 | DE27: 3.5 | DF27: 3.5 | DG27: 3.4 | DH27: 3.4 | DI27: 3.4 | DJ27: 3.4 | DK27: 3.4 | DL27: 3.3 | DM27: 3.3 | DN27: 3.3 | DO27: 3.3 | DR27: Wood/Heating Oil | DS27: 3.1 | DT27: 3.3 | DU27: 3.4 | DV27: 3.5 | DW27: 3.6 | DX27: 3.7 | DY27: 3.8 | DZ27: 3.9 | EA27: 4 | EB27: 4.1 | EC27: 4.2 | ED27: 4.3 | EE27: 4.4 | EF27: 4.5 | EG27: 4.6 | EH27: 4.7 | EI27: 4.8 | EJ27: 4.9 | EK27: 4.9 | EL27: 5 | EM27: 5.1 | EP27: Wood/Heating Oil | EQ27: 21.1 | ER27: 21.7 | ES27: 22.3 | ET27: 22.8 | EU27: 23.2 | EV27: 23.6 | EW27: 24 | EX27: 24.4 | EY27: 24.8 | EZ27: 25.2 | FA27: 25.6 | FB27: 26 | FC27: 26.4 | FD27: 26.8 | FE27: 26.9 | FF27: 27.1 | FG27: 27.3 | FH27: 27.6 | FI27: 28 | FJ27: 28.4 | FK27: 28.8
B28: Natural Gas/Electric | C28: 0 | D28: 0 | E28: 0 | F28: 0 | G28: 0 | H28: 0 | I28: 0 | J28: 0 | K28: 0 | L28: 0 | M28: 0 | N28: 0 | O28: 0 | P28: 0 | Q28: 0 | R28: 0 | S28: 0 | T28: 0 | U28: 0 | V28: 0 | W28: 0 | Z28: Natural Gas/Electric | AA28: 6.5 | AB28: 6.8 | AC28: 7.1 | AD28: 7.3 | AE28: 7.5 | AF28: 7.8 | AG28: 8 | AH28: 8.2 | AI28: 8.4 | AJ28: 8.6 | AK28: 8.8 | AL28: 9 | AM28: 9.2 | AN28: 9.4 | AO28: 9.6 | AP28: 9.8 | AQ28: 10.1 | AR28: 10.3 | AS28: 10.6 | AT28: 10.9 | AU28: 11.2 | AX28: Natural Gas/Electric | AY28: 16.4 | AZ28: 17 | BA28: 17.6 | BB28: 18.2 | BC28: 18.7 | BD28: 19.3 | BE28: 19.7 | BF28: 20.2 | BG28: 20.7 | BH28: 21.2 | BI28: 21.6 | BJ28: 22 | BK28: 22.5 | BL28: 23 | BM28: 23.1 | BN28: 23.3 | BO28: 23.6 | BP28: 24 | BQ28: 24.4 | BR28: 24.9 | BS28: 25.4 | BV28: Natural Gas/Electric | BW28: 0.3 | BX28: 0.3 | BY28: 0.3 | BZ28: 0.4 | CA28: 0.4 | CB28: 0.4 | CC28: 0.4 | CD28: 0.4 | CE28: 0.4 | CF28: 0.4 | CG28: 0.4 | CH28: 0.4 | CI28: 0.4 | CJ28: 0.4 | CK28: 0.5 | CL28: 0.5 | CM28: 0.5 | CN28: 0.5 | CO28: 0.5 | CP28: 0.5 | CQ28: 0.5 | CT28: Natural Gas/Electric | CU28: 1.4 | CV28: 1.4 | CW28: 1.5 | CX28: 1.5 | CY28: 1.5 | CZ28: 1.6 | DA28: 1.6 | DB28: 1.7 | DC28: 1.7 | DD28: 1.8 | DE28: 1.8 | DF28: 1.8 | DG28: 1.9 | DH28: 1.9 | DI28: 2 | DJ28: 2 | DK28: 2.1 | DL28: 2.1 | DM28: 2.1 | DN28: 2.2 | DO28: 2.2 | DR28: Natural Gas/Electric | DS28: 2.1 | DT28: 2.2 | DU28: 2.4 | DV28: 2.5 | DW28: 2.6 | DX28: 2.7 | DY28: 2.8 | DZ28: 2.9 | EA28: 3 | EB28: 3.1 | EC28: 3.2 | ED28: 3.3 | EE28: 3.4 | EF28: 3.5 | EG28: 3.6 | EH28: 3.7 | EI28: 3.8 | EJ28: 3.9 | EK28: 4 | EL28: 4 | EM28: 4.1 | EP28: Natural Gas/Electric | EQ28: 12.4 | ER28: 12.9 | ES28: 13.3 | ET28: 13.8 | EU28: 14.1 | EV28: 14.4 | EW28: 14.8 | EX28: 15.2 | EY28: 15.5 | EZ28: 15.8 | FA28: 16.2 | FB28: 16.5 | FC28: 16.9 | FD28: 17.2 | FE28: 17.4 | FF28: 17.5 | FG28: 17.8 | FH28: 18 | FI28: 18.4 | FJ28: 18.7 | FK28: 19
B29: Heating Oil/Electric | C29: 3.6 | D29: 3.7 | E29: 3.9 | F29: 4 | G29: 4.1 | H29: 4.3 | I29: 4.4 | J29: 4.5 | K29: 4.6 | L29: 4.7 | M29: 4.8 | N29: 4.9 | O29: 4.9 | P29: 5 | Q29: 5.1 | R29: 5.2 | S29: 5.2 | T29: 5.3 | U29: 5.5 | V29: 5.6 | W29: 5.7 | Z29: Heating Oil/Electric | AA29: 74.4 | AB29: 76.6 | AC29: 78.6 | AD29: 80.6 | AE29: 82.6 | AF29: 84.5 | AG29: 86.2 | AH29: 87.8 | AI29: 89.7 | AJ29: 91.6 | AK29: 93.2 | AL29: 94.6 | AM29: 96.2 | AN29: 97.8 | AO29: 99.5 | AP29: 101.3 | AQ29: 103.2 | AR29: 105.4 | AS29: 107.9 | AT29: 110.5 | AU29: 113.1 | AX29: Heating Oil/Electric | AY29: 10.3 | AZ29: 10.6 | BA29: 11 | BB29: 11.4 | BC29: 11.7 | BD29: 12 | BE29: 12.3 | BF29: 12.6 | BG29: 12.9 | BH29: 13.2 | BI29: 13.4 | BJ29: 13.7 | BK29: 14 | BL29: 14.2 | BM29: 14.3 | BN29: 14.5 | BO29: 14.6 | BP29: 14.9 | BQ29: 15.1 | BR29: 15.4 | BS29: 15.7 | BV29: Heating Oil/Electric | BW29: 1 | BX29: 1 | BY29: 1.1 | BZ29: 1.1 | CA29: 1.1 | CB29: 1.2 | CC29: 1.2 | CD29: 1.3 | CE29: 1.3 | CF29: 1.3 | CG29: 1.4 | CH29: 1.4 | CI29: 1.4 | CJ29: 1.5 | CK29: 1.5 | CL29: 1.5 | CM29: 1.5 | CN29: 1.6 | CO29: 1.6 | CP29: 1.6 | CQ29: 1.7 | CT29: Heating Oil/Electric | CU29: 1.1 | CV29: 1.1 | CW29: 1.2 | CX29: 1.2 | CY29: 1.2 | CZ29: 1.3 | DA29: 1.3 | DB29: 1.3 | DC29: 1.4 | DD29: 1.4 | DE29: 1.4 | DF29: 1.5 | DG29: 1.5 | DH29: 1.5 | DI29: 1.6 | DJ29: 1.6 | DK29: 1.6 | DL29: 1.6 | DM29: 1.7 | DN29: 1.7 | DO29: 1.7 | DR29: Heating Oil/Electric | DS29: 0.1 | DT29: 0.1 | DU29: 0.1 | DV29: 0.1 | DW29: 0.1 | DX29: 0.1 | DY29: 0.1 | DZ29: 0.1 | EA29: 0.1 | EB29: 0.1 | EC29: 0.1 | ED29: 0.1 | EE29: 0.1 | EF29: 0.1 | EG29: 0.1 | EH29: 0.1 | EI29: 0.1 | EJ29: 0.1 | EK29: 0.1 | EL29: 0.1 | EM29: 0.1 | EP29: Heating Oil/Electric | EQ29: 6 | ER29: 6.2 | ES29: 6.5 | ET29: 6.8 | EU29: 7 | EV29: 7.2 | EW29: 7.4 | EX29: 7.6 | EY29: 7.8 | EZ29: 8 | FA29: 8.2 | FB29: 8.4 | FC29: 8.7 | FD29: 8.9 | FE29: 9 | FF29: 9.1 | FG29: 9.2 | FH29: 9.4 | FI29: 9.6 | FJ29: 9.8 | FK29: 10
B31: Shares (%) | Z31: Shares (%) | AX31: Shares (%) | BV31: Shares (%) | CT31: Shares (%) | DR31: Shares (%) | EP31: Shares (%)
B32: Heating Oil – Normal Efficiency | C32: 15 | D32: 13 | E32: 11 | F32: 9.1 | G32: 7.5 | H32: 5.9 | I32: 4.5 | J32: 3.3 | K32: 2.2 | L32: 0.8 | M32: 0.1 | N32: 0 | O32: 0 | P32: 0 | Q32: 0 | R32: 0 | S32: 0 | T32: 0 | U32: 0 | V32: 0 | W32: 0 | Z32: Heating Oil – Normal Efficiency | AA32: 0 | AB32: 0 | AC32: 0 | AD32: 0 | AE32: 0 | AF32: 0 | AG32: 0 | AH32: 0 | AI32: 0 | AJ32: 0 | AK32: 0 | AL32: 0 | AM32: 0 | AN32: 0 | AO32: 0 | AP32: 0 | AQ32: 0 | AR32: 0 | AS32: 0 | AT32: 0 | AU32: 0 | AX32: Heating Oil – Normal Efficiency | AY32: 2.3 | AZ32: 1.6 | BA32: 0.8 | BB32: 0.3 | BC32: 0 | BD32: 0 | BE32: 0 | BF32: 0 | BG32: 0 | BH32: 0 | BI32: 0 | BJ32: 0 | BK32: 0 | BL32: 0 | BM32: 0 | BN32: 0 | BO32: 0 | BP32: 0 | BQ32: 0 | BR32: 0 | BS32: 0 | BV32: Heating Oil – Normal Efficiency | BW32: 0.5 | BX32: 0.3 | BY32: 0.1 | BZ32: 0 | CA32: 0 | CB32: 0 | CC32: 0 | CD32: 0 | CE32: 0 | CF32: 0 | CG32: 0 | CH32: 0 | CI32: 0 | CJ32: 0 | CK32: 0 | CL32: 0 | CM32: 0 | CN32: 0 | CO32: 0 | CP32: 0 | CQ32: 0 | CT32: Heating Oil – Normal Efficiency | CU32: 1.4 | CV32: 0.8 | CW32: 0.3 | CX32: 0 | CY32: 0 | CZ32: 0 | DA32: 0 | DB32: 0 | DC32: 0 | DD32: 0 | DE32: 0 | DF32: 0 | DG32: 0 | DH32: 0 | DI32: 0 | DJ32: 0 | DK32: 0 | DL32: 0 | DM32: 0 | DN32: 0 | DO32: 0 | DR32: Heating Oil – Normal Efficiency | DS32: 0.5 | DT32: 0.4 | DU32: 0.3 | DV32: 0.3 | DW32: 0.2 | DX32: 0.2 | DY32: 0.1 | DZ32: 0.1 | EA32: 0 | EB32: 0 | EC32: 0 | ED32: 0 | EE32: 0 | EF32: 0 | EG32: 0 | EH32: 0 | EI32: 0 | EJ32: 0 | EK32: 0 | EL32: 0 | EM32: 0 | EP32: Heating Oil – Normal Efficiency | EQ32: 2.4 | ER32: 1.8 | ES32: 1.2 | ET32: 0.6 | EU32: 0.5 | EV32: 0.5 | EW32: 0.4 | EX32: 0.4 | EY32: 0.4 | EZ32: 0.3 | FA32: 0.3 | FB32: 0.2 | FC32: 0.2 | FD32: 0.2 | FE32: 0.2 | FF32: 0.2 | FG32: 0.1 | FH32: 0.1 | FI32: 0.1 | FJ32: 0.1 | FK32: 0.1
B33: Heating Oil – Medium Efficiency | C33: 20.6 | D33: 22.4 | E33: 24.4 | F33: 25.7 | G33: 26.6 | H33: 27.3 | I33: 27.7 | J33: 27.9 | K33: 27.8 | L33: 27.6 | M33: 27.1 | N33: 26.4 | O33: 25.6 | P33: 24.7 | Q33: 23.8 | R33: 22.7 | S33: 21.4 | T33: 20.1 | U33: 19.2 | V33: 18.5 | W33: 17.7 | Z33: Heating Oil – Medium Efficiency | AA33: 9.5 | AB33: 9.5 | AC33: 9.8 | AD33: 9.6 | AE33: 9.4 | AF33: 9.2 | AG33: 9 | AH33: 8.7 | AI33: 8.6 | AJ33: 8.4 | AK33: 8.2 | AL33: 8 | AM33: 7.8 | AN33: 7.6 | AO33: 7.4 | AP33: 7 | AQ33: 6.6 | AR33: 6.1 | AS33: 5.5 | AT33: 4.9 | AU33: 4.2 | AX33: Heating Oil – Medium Efficiency | AY33: 4.5 | AZ33: 4.8 | BA33: 4.7 | BB33: 4.8 | BC33: 4.9 | BD33: 4.9 | BE33: 4.8 | BF33: 4.7 | BG33: 4.6 | BH33: 4.6 | BI33: 4.5 | BJ33: 4.4 | BK33: 4.2 | BL33: 4.1 | BM33: 3.8 | BN33: 3.6 | BO33: 3.3 | BP33: 3 | BQ33: 2.7 | BR33: 2.4 | BS33: 2.1 | BV33: Heating Oil – Medium Efficiency | BW33: 1.4 | BX33: 1.4 | BY33: 1.4 | BZ33: 1.4 | CA33: 1.4 | CB33: 1.4 | CC33: 1.4 | CD33: 1.3 | CE33: 1.3 | CF33: 1.3 | CG33: 1.3 | CH33: 1.3 | CI33: 1.3 | CJ33: 1.2 | CK33: 1.2 | CL33: 1.1 | CM33: 1 | CN33: 0.9 | CO33: 0.7 | CP33: 0.6 | CQ33: 0.5 | CT33: Heating Oil – Medium Efficiency | CU33: 2 | CV33: 2.5 | CW33: 2.5 | CX33: 2.5 | CY33: 2.5 | CZ33: 2.5 | DA33: 2.5 | DB33: 2.4 | DC33: 2.4 | DD33: 2.4 | DE33: 2.3 | DF33: 2.3 | DG33: 2.3 | DH33: 2.2 | DI33: 2.2 | DJ33: 2.2 | DK33: 2.1 | DL33: 2 | DM33: 1.9 | DN33: 1.7 | DO33: 1.5 | DR33: Heating Oil – Medium Efficiency | DS33: 0.2 | DT33: 0.2 | DU33: 0.3 | DV33: 0.3 | DW33: 0.4 | DX33: 0.4 | DY33: 0.4 | DZ33: 0.4 | EA33: 0.4 | EB33: 0.4 | EC33: 0.3 | ED33: 0.3 | EE33: 0.3 | EF33: 0.3 | EG33: 0.3 | EH33: 0.3 | EI33: 0.2 | EJ33: 0.2 | EK33: 0.2 | EL33: 0.2 | EM33: 0.2 | EP33: Heating Oil – Medium Efficiency | EQ33: 2.2 | ER33: 2.7 | ES33: 3 | ET33: 3.2 | EU33: 3.5 | EV33: 3.7 | EW33: 3.9 | EX33: 4 | EY33: 3.9 | EZ33: 3.9 | FA33: 3.9 | FB33: 4.1 | FC33: 4 | FD33: 4.1 | FE33: 4 | FF33: 3.9 | FG33: 3.8 | FH33: 3.7 | FI33: 3.6 | FJ33: 3.5 | FK33: 3.3
B34: Heating Oil – High Efficiency | C34: 0 | D34: 0 | E34: 0 | F34: 0 | G34: 0 | H34: 0 | I34: 0 | J34: 0 | K34: 0 | L34: 0 | M34: 0 | N34: 0 | O34: 0 | P34: 0 | Q34: 0 | R34: 0 | S34: 0 | T34: 0 | U34: 0 | V34: 0 | W34: 0 | Z34: Heating Oil – High Efficiency | AA34: 0 | AB34: 0 | AC34: 0 | AD34: 0 | AE34: 0 | AF34: 0 | AG34: 0 | AH34: 0 | AI34: 0 | AJ34: 0 | AK34: 0 | AL34: 0 | AM34: 0 | AN34: 0 | AO34: 0 | AP34: 0 | AQ34: 0 | AR34: 0 | AS34: 0 | AT34: 0 | AU34: 0 | AX34: Heating Oil – High Efficiency | AY34: 0 | AZ34: 0 | BA34: 0 | BB34: 0 | BC34: 0 | BD34: 0 | BE34: 0 | BF34: 0 | BG34: 0 | BH34: 0 | BI34: 0 | BJ34: 0 | BK34: 0 | BL34: 0 | BM34: 0 | BN34: 0 | BO34: 0 | BP34: 0 | BQ34: 0 | BR34: 0 | BS34: 0 | BV34: Heating Oil – High Efficiency | BW34: 0 | BX34: 0 | BY34: 0 | BZ34: 0 | CA34: 0 | CB34: 0 | CC34: 0 | CD34: 0 | CE34: 0 | CF34: 0 | CG34: 0 | CH34: 0 | CI34: 0 | CJ34: 0 | CK34: 0 | CL34: 0 | CM34: 0 | CN34: 0 | CO34: 0 | CP34: 0 | CQ34: 0 | CT34: Heating Oil – High Efficiency | CU34: 0 | CV34: 0 | CW34: 0 | CX34: 0 | CY34: 0 | CZ34: 0 | DA34: 0 | DB34: 0 | DC34: 0 | DD34: 0 | DE34: 0 | DF34: 0 | DG34: 0 | DH34: 0 | DI34: 0 | DJ34: 0 | DK34: 0 | DL34: 0 | DM34: 0 | DN34: 0 | DO34: 0 | DR34: Heating Oil – High Efficiency | DS34: 0 | DT34: 0 | DU34: 0 | DV34: 0 | DW34: 0 | DX34: 0 | DY34: 0 | DZ34: 0 | EA34: 0 | EB34: 0 | EC34: 0 | ED34: 0 | EE34: 0 | EF34: 0 | EG34: 0 | EH34: 0 | EI34: 0 | EJ34: 0 | EK34: 0 | EL34: 0 | EM34: 0 | EP34: Heating Oil – High Efficiency | EQ34: 0 | ER34: 0 | ES34: 0 | ET34: 0 | EU34: 0 | EV34: 0 | EW34: 0 | EX34: 0 | EY34: 0 | EZ34: 0 | FA34: 0 | FB34: 0 | FC34: 0 | FD34: 0 | FE34: 0 | FF34: 0 | FG34: 0 | FH34: 0 | FI34: 0 | FJ34: 0 | FK34: 0
B35: Natural Gas – Normal Efficiency | C35: 0.2 | D35: 0.2 | E35: 0.2 | F35: 0.2 | G35: 0.2 | H35: 0.2 | I35: 0.2 | J35: 0.2 | K35: 0.1 | L35: 0.1 | M35: 0.1 | N35: 0.1 | O35: 0.1 | P35: 0 | Q35: 0 | R35: 0 | S35: 0 | T35: 0 | U35: 0 | V35: 0 | W35: 0 | Z35: Natural Gas – Normal Efficiency | AA35: 3.6 | AB35: 3.4 | AC35: 3.1 | AD35: 2.7 | AE35: 2.3 | AF35: 1.9 | AG35: 1.4 | AH35: 1 | AI35: 0.6 | AJ35: 0.3 | AK35: 0 | AL35: 0 | AM35: 0 | AN35: 0 | AO35: 0 | AP35: 0 | AQ35: 0 | AR35: 0 | AS35: 0 | AT35: 0 | AU35: 0 | AX35: Natural Gas – Normal Efficiency | AY35: 29.1 | AZ35: 26.9 | BA35: 24.5 | BB35: 22.1 | BC35: 19.4 | BD35: 16.8 | BE35: 14.2 | BF35: 11.6 | BG35: 9.3 | BH35: 7.1 | BI35: 5.1 | BJ35: 3.2 | BK35: 1.5 | BL35: 0 | BM35: 0 | BN35: 0 | BO35: 0 | BP35: 0 | BQ35: 0 | BR35: 0 | BS35: 0 | BV35: Natural Gas – Normal Efficiency | BW35: 27.8 | BX35: 25.5 | BY35: 23.2 | BZ35: 20.9 | CA35: 18.5 | CB35: 16.2 | CC35: 13.9 | CD35: 11.7 | CE35: 9.7 | CF35: 7.8 | CG35: 6.2 | CH35: 4.5 | CI35: 2.9 | CJ35: 1.6 | CK35: 0.4 | CL35: 0 | CM35: 0 | CN35: 0 | CO35: 0 | CP35: 0 | CQ35: 0 | CT35: Natural Gas – Normal Efficiency | CU35: 47.2 | CV35: 43.8 | CW35: 40.4 | CX35: 36.7 | CY35: 32.8 | CZ35: 28.8 | DA35: 25 | DB35: 21.2 | DC35: 17.6 | DD35: 14.5 | DE35: 11.5 | DF35: 8.7 | DG35: 6.2 | DH35: 4 | DI35: 2.1 | DJ35: 0.6 | DK35: 0 | DL35: 0 | DM35: 0 | DN35: 0 | DO35: 0 | DR35: Natural Gas – Normal Efficiency | DS35: 44.8 | DT35: 40.6 | DU35: 36.2 | DV35: 32.2 | DW35: 27.4 | DX35: 23 | DY35: 19 | DZ35: 15.4 | EA35: 12.4 | EB35: 9.7 | EC35: 7.6 | ED35: 5.5 | EE35: 3.5 | EF35: 1.9 | EG35: 0.5 | EH35: 0 | EI35: 0 | EJ35: 0 | EK35: 0 | EL35: 0 | EM35: 0 | EP35: Natural Gas – Normal Efficiency | EQ35: 24.1 | ER35: 22.1 | ES35: 19.9 | ET35: 17.7 | EU35: 15.2 | EV35: 12.9 | EW35: 10.6 | EX35: 8.6 | EY35: 6.7 | EZ35: 4.9 | FA35: 3.4 | FB35: 2.1 | FC35: 0.9 | FD35: 0 | FE35: 0 | FF35: 0 | FG35: 0 | FH35: 0 | FI35: 0 | FJ35: 0 | FK35: 0
B36: Natural Gas – Medium Efficiency | C36: 0.5 | D36: 0.5 | E36: 0.5 | F36: 0.5 | G36: 0.5 | H36: 0.5 | I36: 0.5 | J36: 0.5 | K36: 0.5 | L36: 0.5 | M36: 0.5 | N36: 0.5 | O36: 0.5 | P36: 0.5 | Q36: 0.4 | R36: 0.4 | S36: 0.4 | T36: 0.4 | U36: 0.4 | V36: 0.3 | W36: 0.3 | Z36: Natural Gas – Medium Efficiency | AA36: 0.6 | AB36: 0.6 | AC36: 0.6 | AD36: 0.6 | AE36: 0.7 | AF36: 0.7 | AG36: 0.8 | AH36: 0.8 | AI36: 0.8 | AJ36: 0.8 | AK36: 0.7 | AL36: 0.7 | AM36: 0.6 | AN36: 0.6 | AO36: 0.6 | AP36: 0.5 | AQ36: 0.5 | AR36: 0.5 | AS36: 0.4 | AT36: 0.4 | AU36: 0.4 | AX36: Natural Gas – Medium Efficiency | AY36: 19.2 | AZ36: 20.2 | BA36: 21.3 | BB36: 22.2 | BC36: 22.9 | BD36: 23.4 | BE36: 23.7 | BF36: 24 | BG36: 24 | BH36: 23.9 | BI36: 23.4 | BJ36: 22.9 | BK36: 22.3 | BL36: 21.5 | BM36: 20.4 | BN36: 19.2 | BO36: 17.8 | BP36: 16.4 | BQ36: 14.9 | BR36: 13.4 | BS36: 12 | BV36: Natural Gas – Medium Efficiency | BW36: 16.3 | BX36: 17.4 | BY36: 18.2 | BZ36: 18.9 | CA36: 19.4 | CB36: 19.7 | CC36: 20.1 | CD36: 20.5 | CE36: 20.4 | CF36: 20.3 | CG36: 19.9 | CH36: 19.5 | CI36: 19 | CJ36: 18.3 | CK36: 17.5 | CL36: 16.4 | CM36: 15.2 | CN36: 14 | CO36: 12.7 | CP36: 11.4 | CQ36: 10.2 | CT36: Natural Gas – Medium Efficiency | CU36: 21.7 | CV36: 23.5 | CW36: 25.4 | CX36: 27.2 | CY36: 28.8 | CZ36: 30.3 | DA36: 31.6 | DB36: 32.2 | DC36: 32.5 | DD36: 32.3 | DE36: 31.7 | DF36: 31 | DG36: 30.2 | DH36: 29.3 | DI36: 28.1 | DJ36: 26.9 | DK36: 25.4 | DL36: 23.7 | DM36: 22 | DN36: 20.4 | DO36: 18.8 | DR36: Natural Gas – Medium Efficiency | DS36: 43.7 | DT36: 46.5 | DU36: 49.4 | DV36: 51.7 | DW36: 54.4 | DX36: 56.5 | DY36: 58.3 | DZ36: 59.3 | EA36: 59.3 | EB36: 59.3 | EC36: 57.8 | ED36: 56.4 | EE36: 54.9 | EF36: 53 | EG36: 51 | EH36: 48.4 | EI36: 45.7 | EJ36: 43 | EK36: 40.2 | EL36: 37.4 | EM36: 34.6 | EP36: Natural Gas – Medium Efficiency | EQ36: 18.3 | ER36: 19.4 | ES36: 20.9 | ET36: 22.3 | EU36: 23.5 | EV36: 24.6 | EW36: 25.4 | EX36: 26.1 | EY36: 26.4 | EZ36: 26.7 | FA36: 26.3 | FB36: 25.9 | FC36: 25.5 | FD36: 24.8 | FE36: 23.8 | FF36: 22.7 | FG36: 21.4 | FH36: 20 | FI36: 18.6 | FJ36: 17.2 | FK36: 15.7
B37: Natural Gas – High Efficiency | C37: 0.6 | D37: 0.6 | E37: 0.6 | F37: 0.7 | G37: 0.7 | H37: 0.7 | I37: 0.9 | J37: 1 | K37: 1.1 | L37: 1.1 | M37: 1.1 | N37: 1.2 | O37: 1.2 | P37: 1.2 | Q37: 1.2 | R37: 1.4 | S37: 1.7 | T37: 1.9 | U37: 2 | V37: 2.1 | W37: 2.3 | Z37: Natural Gas – High Efficiency | AA37: 0.7 | AB37: 0.8 | AC37: 0.8 | AD37: 0.9 | AE37: 1.2 | AF37: 1.4 | AG37: 1.7 | AH37: 2.2 | AI37: 2.5 | AJ37: 2.8 | AK37: 3.1 | AL37: 3.3 | AM37: 3.5 | AN37: 3.7 | AO37: 3.8 | AP37: 3.9 | AQ37: 4.1 | AR37: 4.1 | AS37: 4.2 | AT37: 4.2 | AU37: 4.3 | AX37: Natural Gas – High Efficiency | AY37: 15.5 | AZ37: 17.2 | BA37: 19.2 | BB37: 21.1 | BC37: 23.2 | BD37: 25.2 | BE37: 27.3 | BF37: 29.3 | BG37: 31.4 | BH37: 33.3 | BI37: 35.4 | BJ37: 37.3 | BK37: 39.2 | BL37: 41 | BM37: 42.3 | BN37: 43.5 | BO37: 44.8 | BP37: 46.1 | BQ37: 47.6 | BR37: 49.1 | BS37: 50.4 | BV37: Natural Gas – High Efficiency | BW37: 13.4 | BX37: 15 | BY37: 16.4 | BZ37: 18.1 | CA37: 19.6 | CB37: 21.1 | CC37: 23 | CD37: 24.3 | CE37: 25.8 | CF37: 27.5 | CG37: 29.3 | CH37: 31 | CI37: 32.6 | CJ37: 34.1 | CK37: 35.7 | CL37: 36.9 | CM37: 38 | CN37: 39.1 | CO37: 40.4 | CP37: 41.5 | CQ37: 42.6 | CT37: Natural Gas – High Efficiency | CU37: 16.7 | CV37: 18.4 | CW37: 20.5 | CX37: 22.6 | CY37: 24.9 | CZ37: 27.3 | DA37: 29.7 | DB37: 32.6 | DC37: 35.7 | DD37: 38.8 | DE37: 42 | DF37: 45 | DG37: 47.8 | DH37: 50.3 | DI37: 52.5 | DJ37: 54.4 | DK37: 55.6 | DL37: 56.4 | DM37: 57.7 | DN37: 59 | DO37: 60.2 | DR37: Natural Gas – High Efficiency | DS37: 5.1 | DT37: 6.2 | DU37: 7.6 | DV37: 9 | DW37: 10.7 | DX37: 12.4 | DY37: 14.2 | DZ37: 16.2 | EA37: 18.7 | EB37: 20.8 | EC37: 23.9 | ED37: 26.8 | EE37: 29.6 | EF37: 32.4 | EG37: 35.1 | EH37: 37.5 | EI37: 39.4 | EJ37: 41.4 | EK37: 43.8 | EL37: 46.2 | EM37: 48.5 | EP37: Natural Gas – High Efficiency | EQ37: 10.3 | ER37: 11 | ES37: 11.9 | ET37: 13 | EU37: 14 | EV37: 14.9 | EW37: 15.7 | EX37: 16.4 | EY37: 17.4 | EZ37: 18.1 | FA37: 18.8 | FB37: 19.4 | FC37: 19.9 | FD37: 20.5 | FE37: 20.9 | FF37: 21.5 | FG37: 22 | FH37: 22.6 | FI37: 23.6 | FJ37: 24.7 | FK37: 25.7
B38: Electric | C38: 36 | D38: 36.3 | E38: 36.4 | F38: 36.9 | G38: 37.5 | H38: 38.3 | I38: 39.3 | J38: 40.4 | K38: 41.7 | L38: 43.5 | M38: 45.2 | N38: 46.6 | O38: 48 | P38: 49.4 | Q38: 50.7 | R38: 51.9 | S38: 53 | T38: 54.2 | U38: 54.9 | V38: 55.5 | W38: 56.1 | Z38: Electric | AA38: 42.7 | AB38: 42.7 | AC38: 42.9 | AD38: 43.3 | AE38: 43.6 | AF38: 44 | AG38: 44.8 | AH38: 45.2 | AI38: 45.5 | AJ38: 45.6 | AK38: 45.7 | AL38: 45.6 | AM38: 45.5 | AN38: 45.4 | AO38: 45.2 | AP38: 45.1 | AQ38: 45 | AR38: 44.9 | AS38: 44.8 | AT38: 44.7 | AU38: 44.6 | AX38: Electric | AY38: 13.4 | AZ38: 13.1 | BA38: 12.9 | BB38: 12.8 | BC38: 12.6 | BD38: 12.5 | BE38: 12.5 | BF38: 12.5 | BG38: 12.6 | BH38: 12.8 | BI38: 12.9 | BJ38: 13.1 | BK38: 13.3 | BL38: 13.4 | BM38: 13.4 | BN38: 13.5 | BO38: 13.5 | BP38: 13.6 | BQ38: 13.6 | BR38: 13.6 | BS38: 13.7 | BV38: Electric | BW38: 29.7 | BX38: 29.5 | BY38: 29.8 | BZ38: 29.6 | CA38: 30.1 | CB38: 30.7 | CC38: 30.8 | CD38: 31.5 | CE38: 32.2 | CF38: 32.6 | CG38: 33.2 | CH38: 33.7 | CI38: 34.1 | CJ38: 34.6 | CK38: 35 | CL38: 35.3 | CM38: 35.4 | CN38: 35.7 | CO38: 35.8 | CP38: 35.9 | CQ38: 36.1 | CT38: Electric | CU38: 2.7 | CV38: 2.6 | CW38: 2.5 | CX38: 2.3 | CY38: 2.3 | CZ38: 2.3 | DA38: 2.4 | DB38: 2.6 | DC38: 3 | DD38: 3.4 | DE38: 3.9 | DF38: 4.6 | DG38: 5.2 | DH38: 6 | DI38: 6.9 | DJ38: 7.9 | DK38: 8.9 | DL38: 10 | DM38: 10.5 | DN38: 11.1 | DO38: 11.6 | DR38: Electric | DS38: 1.6 | DT38: 1.8 | DU38: 1.8 | DV38: 2.2 | DW38: 2.6 | DX38: 3 | DY38: 3.5 | DZ38: 4 | EA38: 4.5 | EB38: 5.2 | EC38: 5.7 | ED38: 6.3 | EE38: 6.9 | EF38: 7.5 | EG38: 8.2 | EH38: 8.9 | EI38: 9.6 | EJ38: 10.4 | EK38: 10.8 | EL38: 11.1 | EM38: 11.5 | EP38: Electric | EQ38: 26.6 | ER38: 26.5 | ES38: 26.2 | ET38: 26 | EU38: 25.9 | EV38: 26.1 | EW38: 26.4 | EX38: 26.9 | EY38: 27.4 | EZ38: 28.2 | FA38: 29.2 | FB38: 30.1 | FC38: 31.1 | FD38: 32 | FE38: 32.7 | FF38: 33.4 | FG38: 34.2 | FH38: 35 | FI38: 35.4 | FJ38: 35.7 | FK38: 36.1
B39: Heat Pump | C39: 2.6 | D39: 2.7 | E39: 2.8 | F39: 2.9 | G39: 3 | H39: 3.1 | I39: 3.2 | J39: 3.3 | K39: 3.4 | L39: 3.5 | M39: 3.6 | N39: 3.6 | O39: 3.7 | P39: 3.7 | Q39: 3.8 | R39: 3.9 | S39: 3.9 | T39: 4 | U39: 4.1 | V39: 4.1 | W39: 4.2 | Z39: Heat Pump | AA39: 8.4 | AB39: 8.6 | AC39: 8.8 | AD39: 9 | AE39: 9.2 | AF39: 9.4 | AG39: 9.6 | AH39: 9.8 | AI39: 10 | AJ39: 10.2 | AK39: 10.3 | AL39: 10.5 | AM39: 10.6 | AN39: 10.8 | AO39: 11 | AP39: 11.2 | AQ39: 11.4 | AR39: 11.6 | AS39: 11.9 | AT39: 12.2 | AU39: 12.4 | AX39: Heat Pump | AY39: 6.4 | AZ39: 6.6 | BA39: 6.9 | BB39: 7.1 | BC39: 7.4 | BD39: 7.6 | BE39: 7.8 | BF39: 8 | BG39: 8.2 | BH39: 8.5 | BI39: 8.7 | BJ39: 8.9 | BK39: 9.1 | BL39: 9.3 | BM39: 9.3 | BN39: 9.4 | BO39: 9.6 | BP39: 9.7 | BQ39: 10 | BR39: 10.2 | BS39: 10.4 | BV39: Heat Pump | BW39: 2.3 | BX39: 2.4 | BY39: 2.5 | BZ39: 2.6 | CA39: 2.7 | CB39: 2.8 | CC39: 2.9 | CD39: 3 | CE39: 3.1 | CF39: 3.2 | CG39: 3.3 | CH39: 3.4 | CI39: 3.5 | CJ39: 3.6 | CK39: 3.6 | CL39: 3.7 | CM39: 3.8 | CN39: 3.9 | CO39: 3.9 | CP39: 4 | CQ39: 4.1 | CT39: Heat Pump | CU39: 2.3 | CV39: 2.4 | CW39: 2.5 | CX39: 2.6 | CY39: 2.6 | CZ39: 2.7 | DA39: 2.8 | DB39: 2.9 | DC39: 3 | DD39: 3.1 | DE39: 3.2 | DF39: 3.3 | DG39: 3.4 | DH39: 3.4 | DI39: 3.5 | DJ39: 3.6 | DK39: 3.7 | DL39: 3.8 | DM39: 3.8 | DN39: 3.9 | DO39: 4 | DR39: Heat Pump | DS39: 1.8 | DT39: 1.9 | DU39: 2 | DV39: 2.1 | DW39: 2.2 | DX39: 2.3 | DY39: 2.3 | DZ39: 2.4 | EA39: 2.5 | EB39: 2.6 | EC39: 2.7 | ED39: 2.7 | EE39: 2.8 | EF39: 2.9 | EG39: 3 | EH39: 3 | EI39: 3.1 | EJ39: 3.2 | EK39: 3.2 | EL39: 3.3 | EM39: 3.4 | EP39: Heat Pump | EQ39: 2.8 | ER39: 2.9 | ES39: 3 | ET39: 3.1 | EU39: 3.2 | EV39: 3.3 | EW39: 3.4 | EX39: 3.5 | EY39: 3.6 | EZ39: 3.7 | FA39: 3.8 | FB39: 3.9 | FC39: 4 | FD39: 4.1 | FE39: 4.1 | FF39: 4.2 | FG39: 4.3 | FH39: 4.3 | FI39: 4.4 | FJ39: 4.5 | FK39: 4.6
B40: Other1 | C40: 1.1 | D40: 1.1 | E40: 1 | F40: 1.1 | G40: 1.2 | H40: 1.3 | I40: 1.4 | J40: 1.5 | K40: 1.6 | L40: 1.6 | M40: 1.6 | N40: 1.6 | O40: 1.5 | P40: 1.5 | Q40: 1.4 | R40: 1.4 | S40: 1.3 | T40: 1.3 | U40: 1.3 | V40: 1.2 | W40: 1.2 | Z40: Other1 | AA40: 0.1 | AB40: 0.1 | AC40: 0.1 | AD40: 0.1 | AE40: 0.1 | AF40: 0.1 | AG40: 0.1 | AH40: 0.1 | AI40: 0.1 | AJ40: 0.2 | AK40: 0.2 | AL40: 0.2 | AM40: 0.2 | AN40: 0.2 | AO40: 0.2 | AP40: 0.3 | AQ40: 0.3 | AR40: 0.3 | AS40: 0.3 | AT40: 0.4 | AU40: 0.4 | AX40: Other1 | AY40: 1.3 | AZ40: 1.2 | BA40: 1.2 | BB40: 1.2 | BC40: 1.2 | BD40: 1.2 | BE40: 1.2 | BF40: 1.3 | BG40: 1.4 | BH40: 1.5 | BI40: 1.6 | BJ40: 1.7 | BK40: 1.8 | BL40: 2 | BM40: 2.1 | BN40: 2.3 | BO40: 2.5 | BP40: 2.7 | BQ40: 2.7 | BR40: 2.8 | BS40: 3 | BV40: Other1 | BW40: 1 | BX40: 1 | BY40: 1 | BZ40: 0.9 | CA40: 0.9 | CB40: 0.9 | CC40: 0.9 | CD40: 0.8 | CE40: 0.8 | CF40: 0.7 | CG40: 0.7 | CH40: 0.7 | CI40: 0.6 | CJ40: 0.6 | CK40: 0.5 | CL40: 0.5 | CM40: 0.5 | CN40: 0.4 | CO40: 0.4 | CP40: 0.4 | CQ40: 0.4 | CT40: Other1 | CU40: 1.7 | CV40: 1.7 | CW40: 1.7 | CX40: 1.7 | CY40: 1.7 | CZ40: 1.7 | DA40: 1.7 | DB40: 1.6 | DC40: 1.6 | DD40: 1.6 | DE40: 1.5 | DF40: 1.5 | DG40: 1.4 | DH40: 1.4 | DI40: 1.4 | DJ40: 1.3 | DK40: 1.3 | DL40: 1.2 | DM40: 1.2 | DN40: 1.2 | DO40: 1.1 | DR40: Other1 | DS40: 1.4 | DT40: 1.4 | DU40: 1.4 | DV40: 1.4 | DW40: 1.3 | DX40: 1.3 | DY40: 1.3 | DZ40: 1.2 | EA40: 1.2 | EB40: 1.1 | EC40: 1.1 | ED40: 1.1 | EE40: 1 | EF40: 1 | EG40: 0.9 | EH40: 0.9 | EI40: 0.9 | EJ40: 0.8 | EK40: 0.8 | EL40: 0.8 | EM40: 0.8 | EP40: Other1 | EQ40: 1.8 | ER40: 1.9 | ES40: 1.9 | ET40: 1.9 | EU40: 1.8 | EV40: 1.8 | EW40: 1.7 | EX40: 1.7 | EY40: 1.6 | EZ40: 1.5 | FA40: 1.4 | FB40: 1.3 | FC40: 1.3 | FD40: 1.2 | FE40: 1.1 | FF40: 1 | FG40: 1 | FH40: 0.9 | FI40: 0.9 | FJ40: 0.9 | FK40: 0.8
B41: Wood | C41: 2.9 | D41: 2.7 | E41: 2.7 | F41: 2.6 | G41: 2.6 | H41: 2.5 | I41: 2.3 | J41: 2.1 | K41: 1.9 | L41: 1.5 | M41: 1.2 | N41: 0.8 | O41: 0.5 | P41: 0.2 | Q41: 0 | R41: 0 | S41: 0 | T41: 0 | U41: 0 | V41: 0 | W41: 0 | Z41: Wood | AA41: 1.5 | AB41: 1.3 | AC41: 1.1 | AD41: 1 | AE41: 1 | AF41: 0.9 | AG41: 0.5 | AH41: 0.3 | AI41: 0.1 | AJ41: 0 | AK41: 0 | AL41: 0 | AM41: 0 | AN41: 0 | AO41: 0 | AP41: 0 | AQ41: 0 | AR41: 0 | AS41: 0 | AT41: 0 | AU41: 0 | AX41: Wood | AY41: 0 | AZ41: 0 | BA41: 0 | BB41: 0 | BC41: 0 | BD41: 0 | BE41: 0 | BF41: 0 | BG41: 0 | BH41: 0 | BI41: 0 | BJ41: 0 | BK41: 0 | BL41: 0 | BM41: 0 | BN41: 0 | BO41: 0 | BP41: 0 | BQ41: 0 | BR41: 0 | BS41: 0 | BV41: Wood | BW41: 1.9 | BX41: 1.8 | BY41: 1.6 | BZ41: 1.6 | CA41: 1.5 | CB41: 1.3 | CC41: 1 | CD41: 0.8 | CE41: 0.6 | CF41: 0.4 | CG41: 0.1 | CH41: 0 | CI41: 0 | CJ41: 0 | CK41: 0 | CL41: 0 | CM41: 0 | CN41: 0 | CO41: 0 | CP41: 0 | CQ41: 0 | CT41: Wood | CU41: 1.4 | CV41: 1.4 | CW41: 1.4 | CX41: 1.5 | CY41: 1.5 | CZ41: 1.5 | DA41: 1.4 | DB41: 1.4 | DC41: 1.3 | DD41: 1.1 | DE41: 1 | DF41: 0.8 | DG41: 0.6 | DH41: 0.5 | DI41: 0.4 | DJ41: 0.3 | DK41: 0.2 | DL41: 0.1 | DM41: 0.1 | DN41: 0 | DO41: 0 | DR41: Wood | DS41: 0.1 | DT41: 0.1 | DU41: 0.1 | DV41: 0 | DW41: 0 | DX41: 0 | DY41: 0 | DZ41: 0 | EA41: 0 | EB41: 0 | EC41: 0 | ED41: 0 | EE41: 0 | EF41: 0 | EG41: 0 | EH41: 0 | EI41: 0 | EJ41: 0 | EK41: 0 | EL41: 0 | EM41: 0 | EP41: Wood | EQ41: 0.1 | ER41: 0.1 | ES41: 0.1 | ET41: 0.1 | EU41: 0.1 | EV41: 0.1 | EW41: 0.1 | EX41: 0.1 | EY41: 0.1 | EZ41: 0.1 | FA41: 0.1 | FB41: 0.1 | FC41: 0.1 | FD41: 0.1 | FE41: 0.1 | FF41: 0.1 | FG41: 0.1 | FH41: 0.1 | FI41: 0.1 | FJ41: 0.1 | FK41: 0.1
B42: Dual Systems | Z42: Dual Systems | AX42: Dual Systems | BV42: Dual Systems | CT42: Dual Systems | DR42: Dual Systems | EP42: Dual Systems
B43: Wood/Electric | C43: 10.4 | D43: 10.4 | E43: 10.4 | F43: 10.3 | G43: 10.3 | H43: 10.2 | I43: 10.1 | J43: 10 | K43: 9.9 | L43: 9.8 | M43: 9.7 | N43: 9.6 | O43: 9.4 | P43: 9.3 | Q43: 9.3 | R43: 9.2 | S43: 9.1 | T43: 9.1 | U43: 9.1 | V43: 9 | W43: 9.1 | Z43: Wood/Electric | AA43: 21.7 | AB43: 21.7 | AC43: 21.5 | AD43: 21.3 | AE43: 21.1 | AF43: 20.9 | AG43: 20.8 | AH43: 20.6 | AI43: 20.5 | AJ43: 20.5 | AK43: 20.4 | AL43: 20.3 | AM43: 20.2 | AN43: 20.1 | AO43: 20.2 | AP43: 20.2 | AQ43: 20.3 | AR43: 20.5 | AS43: 20.7 | AT43: 20.9 | AU43: 21.1 | AX43: Wood/Electric | AY43: 3.8 | AZ43: 3.9 | BA43: 3.9 | BB43: 3.9 | BC43: 3.9 | BD43: 3.9 | BE43: 3.8 | BF43: 3.8 | BG43: 3.8 | BH43: 3.9 | BI43: 3.9 | BJ43: 3.9 | BK43: 3.9 | BL43: 3.9 | BM43: 3.9 | BN43: 3.8 | BO43: 3.8 | BP43: 3.8 | BQ43: 3.8 | BR43: 3.8 | BS43: 3.8 | BV43: Wood/Electric | BW43: 4.6 | BX43: 4.6 | BY43: 4.7 | BZ43: 4.7 | CA43: 4.7 | CB43: 4.7 | CC43: 4.7 | CD43: 4.7 | CE43: 4.7 | CF43: 4.7 | CG43: 4.7 | CH43: 4.7 | CI43: 4.7 | CJ43: 4.7 | CK43: 4.8 | CL43: 4.7 | CM43: 4.7 | CN43: 4.7 | CO43: 4.7 | CP43: 4.7 | CQ43: 4.8 | CT43: Wood/Electric | CU43: 0.8 | CV43: 0.8 | CW43: 0.8 | CX43: 0.8 | CY43: 0.8 | CZ43: 0.8 | DA43: 0.8 | DB43: 0.8 | DC43: 0.8 | DD43: 0.8 | DE43: 0.7 | DF43: 0.7 | DG43: 0.7 | DH43: 0.7 | DI43: 0.7 | DJ43: 0.7 | DK43: 0.7 | DL43: 0.7 | DM43: 0.7 | DN43: 0.7 | DO43: 0.7 | DR43: Wood/Electric | DS43: 0.1 | DT43: 0.1 | DU43: 0.1 | DV43: 0.1 | DW43: 0.1 | DX43: 0.1 | DY43: 0.1 | DZ43: 0.1 | EA43: 0.1 | EB43: 0.1 | EC43: 0.1 | ED43: 0.1 | EE43: 0.1 | EF43: 0.1 | EG43: 0.1 | EH43: 0.1 | EI43: 0.1 | EJ43: 0.1 | EK43: 0.1 | EL43: 0.1 | EM43: 0.1 | EP43: Wood/Electric | EQ43: 6.8 | ER43: 7 | ES43: 7.1 | ET43: 7.2 | EU43: 7.2 | EV43: 7.3 | EW43: 7.3 | EX43: 7.4 | EY43: 7.4 | EZ43: 7.5 | FA43: 7.5 | FB43: 7.6 | FC43: 7.7 | FD43: 7.7 | FE43: 7.7 | FF43: 7.7 | FG43: 7.7 | FH43: 7.8 | FI43: 7.8 | FJ43: 7.9 | FK43: 7.9
B44: Wood/Heating Oil | C44: 9.4 | D44: 9.4 | E44: 9.4 | F44: 9.4 | G44: 9.4 | H44: 9.3 | I44: 9.3 | J44: 9.2 | K44: 9.2 | L44: 9.2 | M44: 9.1 | N44: 9 | O44: 8.8 | P44: 8.7 | Q44: 8.6 | R44: 8.6 | S44: 8.5 | T44: 8.4 | U44: 8.4 | V44: 8.4 | W44: 8.4 | Z44: Wood/Heating Oil | AA44: 5.6 | AB44: 5.6 | AC44: 5.5 | AD44: 5.5 | AE44: 5.4 | AF44: 5.4 | AG44: 5.3 | AH44: 5.3 | AI44: 5.3 | AJ44: 5.2 | AK44: 5.2 | AL44: 5.2 | AM44: 5.2 | AN44: 5.2 | AO44: 5.2 | AP44: 5.2 | AQ44: 5.2 | AR44: 5.2 | AS44: 5.3 | AT44: 5.4 | AU44: 5.4 | AX44: Wood/Heating Oil | AY44: 3.4 | AZ44: 3.5 | BA44: 3.5 | BB44: 3.5 | BC44: 3.5 | BD44: 3.5 | BE44: 3.4 | BF44: 3.4 | BG44: 3.5 | BH44: 3.5 | BI44: 3.5 | BJ44: 3.5 | BK44: 3.5 | BL44: 3.5 | BM44: 3.5 | BN44: 3.5 | BO44: 3.4 | BP44: 3.4 | BQ44: 3.4 | BR44: 3.4 | BS44: 3.4 | BV44: Wood/Heating Oil | BW44: 0.7 | BX44: 0.7 | BY44: 0.7 | BZ44: 0.8 | CA44: 0.8 | CB44: 0.8 | CC44: 0.8 | CD44: 0.8 | CE44: 0.8 | CF44: 0.8 | CG44: 0.8 | CH44: 0.8 | CI44: 0.8 | CJ44: 0.8 | CK44: 0.8 | CL44: 0.8 | CM44: 0.8 | CN44: 0.8 | CO44: 0.8 | CP44: 0.8 | CQ44: 0.8 | CT44: Wood/Heating Oil | CU44: 1.2 | CV44: 1.2 | CW44: 1.2 | CX44: 1.2 | CY44: 1.2 | CZ44: 1.2 | DA44: 1.2 | DB44: 1.1 | DC44: 1.1 | DD44: 1.1 | DE44: 1.1 | DF44: 1.1 | DG44: 1.1 | DH44: 1 | DI44: 1 | DJ44: 1 | DK44: 1 | DL44: 1 | DM44: 1 | DN44: 1 | DO44: 1 | DR44: Wood/Heating Oil | DS44: 0.4 | DT44: 0.4 | DU44: 0.4 | DV44: 0.4 | DW44: 0.4 | DX44: 0.4 | DY44: 0.4 | DZ44: 0.4 | EA44: 0.4 | EB44: 0.4 | EC44: 0.5 | ED44: 0.5 | EE44: 0.5 | EF44: 0.5 | EG44: 0.5 | EH44: 0.5 | EI44: 0.5 | EJ44: 0.5 | EK44: 0.5 | EL44: 0.5 | EM44: 0.5 | EP44: Wood/Heating Oil | EQ44: 2.4 | ER44: 2.4 | ES44: 2.5 | ET44: 2.5 | EU44: 2.5 | EV44: 2.6 | EW44: 2.6 | EX44: 2.6 | EY44: 2.6 | EZ44: 2.6 | FA44: 2.6 | FB44: 2.7 | FC44: 2.7 | FD44: 2.7 | FE44: 2.7 | FF44: 2.7 | FG44: 2.7 | FH44: 2.7 | FI44: 2.7 | FJ44: 2.8 | FK44: 2.8
B45: Natural Gas/Electric | C45: 0 | D45: 0 | E45: 0 | F45: 0 | G45: 0 | H45: 0 | I45: 0 | J45: 0 | K45: 0 | L45: 0 | M45: 0 | N45: 0 | O45: 0 | P45: 0 | Q45: 0 | R45: 0 | S45: 0 | T45: 0 | U45: 0 | V45: 0 | W45: 0 | Z45: Natural Gas/Electric | AA45: 0.5 | AB45: 0.5 | AC45: 0.5 | AD45: 0.5 | AE45: 0.5 | AF45: 0.5 | AG45: 0.5 | AH45: 0.5 | AI45: 0.5 | AJ45: 0.5 | AK45: 0.5 | AL45: 0.5 | AM45: 0.6 | AN45: 0.6 | AO45: 0.6 | AP45: 0.6 | AQ45: 0.6 | AR45: 0.6 | AS45: 0.6 | AT45: 0.6 | AU45: 0.6 | AX45: Natural Gas/Electric | AY45: 0.6 | AZ45: 0.7 | BA45: 0.7 | BB45: 0.7 | BC45: 0.7 | BD45: 0.7 | BE45: 0.7 | BF45: 0.7 | BG45: 0.7 | BH45: 0.7 | BI45: 0.7 | BJ45: 0.8 | BK45: 0.8 | BL45: 0.8 | BM45: 0.8 | BN45: 0.8 | BO45: 0.8 | BP45: 0.8 | BQ45: 0.8 | BR45: 0.8 | BS45: 0.8 | BV45: Natural Gas/Electric | BW45: 0.1 | BX45: 0.1 | BY45: 0.1 | BZ45: 0.1 | CA45: 0.1 | CB45: 0.1 | CC45: 0.1 | CD45: 0.1 | CE45: 0.1 | CF45: 0.1 | CG45: 0.1 | CH45: 0.1 | CI45: 0.1 | CJ45: 0.1 | CK45: 0.1 | CL45: 0.1 | CM45: 0.1 | CN45: 0.1 | CO45: 0.1 | CP45: 0.1 | CQ45: 0.1 | CT45: Natural Gas/Electric | CU45: 0.5 | CV45: 0.5 | CW45: 0.5 | CX45: 0.5 | CY45: 0.5 | CZ45: 0.5 | DA45: 0.5 | DB45: 0.5 | DC45: 0.6 | DD45: 0.6 | DE45: 0.6 | DF45: 0.6 | DG45: 0.6 | DH45: 0.6 | DI45: 0.6 | DJ45: 0.6 | DK45: 0.6 | DL45: 0.6 | DM45: 0.6 | DN45: 0.6 | DO45: 0.6 | DR45: Natural Gas/Electric | DS45: 0.3 | DT45: 0.3 | DU45: 0.3 | DV45: 0.3 | DW45: 0.3 | DX45: 0.3 | DY45: 0.3 | DZ45: 0.3 | EA45: 0.3 | EB45: 0.3 | EC45: 0.3 | ED45: 0.4 | EE45: 0.4 | EF45: 0.4 | EG45: 0.4 | EH45: 0.4 | EI45: 0.4 | EJ45: 0.4 | EK45: 0.4 | EL45: 0.4 | EM45: 0.4 | EP45: Natural Gas/Electric | EQ45: 1.4 | ER45: 1.4 | ES45: 1.5 | ET45: 1.5 | EU45: 1.5 | EV45: 1.6 | EW45: 1.6 | EX45: 1.6 | EY45: 1.6 | EZ45: 1.6 | FA45: 1.7 | FB45: 1.7 | FC45: 1.7 | FD45: 1.7 | FE45: 1.7 | FF45: 1.8 | FG45: 1.8 | FH45: 1.8 | FI45: 1.8 | FJ45: 1.8 | FK45: 1.8
B46: Heating Oil/Electric | C46: 0.5 | D46: 0.6 | E46: 0.6 | F46: 0.6 | G46: 0.6 | H46: 0.6 | I46: 0.6 | J46: 0.6 | K46: 0.6 | L46: 0.6 | M46: 0.7 | N46: 0.7 | O46: 0.7 | P46: 0.7 | Q46: 0.7 | R46: 0.7 | S46: 0.7 | T46: 0.7 | U46: 0.7 | V46: 0.7 | W46: 0.7 | Z46: Heating Oil/Electric | AA46: 5.2 | AB46: 5.3 | AC46: 5.3 | AD46: 5.4 | AE46: 5.4 | AF46: 5.4 | AG46: 5.5 | AH46: 5.5 | AI46: 5.6 | AJ46: 5.6 | AK46: 5.7 | AL46: 5.7 | AM46: 5.8 | AN46: 5.8 | AO46: 5.9 | AP46: 6 | AQ46: 6.1 | AR46: 6.2 | AS46: 6.3 | AT46: 6.4 | AU46: 6.5 | AX46: Heating Oil/Electric | AY46: 0.4 | AZ46: 0.4 | BA46: 0.4 | BB46: 0.4 | BC46: 0.4 | BD46: 0.4 | BE46: 0.4 | BF46: 0.4 | BG46: 0.5 | BH46: 0.5 | BI46: 0.5 | BJ46: 0.5 | BK46: 0.5 | BL46: 0.5 | BM46: 0.5 | BN46: 0.5 | BO46: 0.5 | BP46: 0.5 | BQ46: 0.5 | BR46: 0.5 | BS46: 0.5 | BV46: Heating Oil/Electric | BW46: 0.3 | BX46: 0.3 | BY46: 0.4 | BZ46: 0.4 | CA46: 0.4 | CB46: 0.4 | CC46: 0.4 | CD46: 0.4 | CE46: 0.4 | CF46: 0.4 | CG46: 0.4 | CH46: 0.4 | CI46: 0.4 | CJ46: 0.4 | CK46: 0.4 | CL46: 0.4 | CM46: 0.4 | CN46: 0.4 | CO46: 0.5 | CP46: 0.5 | CQ46: 0.5 | CT46: Heating Oil/Electric | CU46: 0.4 | CV46: 0.4 | CW46: 0.4 | CX46: 0.4 | CY46: 0.4 | CZ46: 0.4 | DA46: 0.4 | DB46: 0.4 | DC46: 0.4 | DD46: 0.4 | DE46: 0.4 | DF46: 0.5 | DG46: 0.5 | DH46: 0.5 | DI46: 0.5 | DJ46: 0.5 | DK46: 0.5 | DL46: 0.5 | DM46: 0.5 | DN46: 0.5 | DO46: 0.5 | DR46: Heating Oil/Electric | DS46: 0 | DT46: 0 | DU46: 0 | DV46: 0 | DW46: 0 | DX46: 0 | DY46: 0 | DZ46: 0 | EA46: 0 | EB46: 0 | EC46: 0 | ED46: 0 | EE46: 0 | EF46: 0 | EG46: 0 | EH46: 0 | EI46: 0 | EJ46: 0 | EK46: 0 | EL46: 0 | EM46: 0 | EP46: Heating Oil/Electric | EQ46: 0.7 | ER46: 0.7 | ES46: 0.7 | ET46: 0.7 | EU46: 0.8 | EV46: 0.8 | EW46: 0.8 | EX46: 0.8 | EY46: 0.8 | EZ46: 0.8 | FA46: 0.8 | FB46: 0.9 | FC46: 0.9 | FD46: 0.9 | FE46: 0.9 | FF46: 0.9 | FG46: 0.9 | FH46: 0.9 | FI46: 0.9 | FJ46: 1 | FK46: 1
A48: 1) “Other” includes coal and propane. | Y48: 1) “Other” includes coal and propane. | AW48: 1) “Other” includes coal and propane. | BU48: 1) “Other” includes coal and propane. | CS48: 1) “Other” includes coal and propane. | DQ48: 1) “Other” includes coal and propane. | EO48: 1) “Other” includes coal and propane.

Sheet attached_heating_EFF
A5: Residential Sector | Y5: Residential Sector | AW5: Residential Sector | BU5: Residential Sector | CS5: Residential Sector | DQ5: Residential Sector | EO5: Residential Sector
A7: Atlantic | Y7: Quebec | AW7: Ontario | BU7: Manitoba | CS7: Saskatchewan | DQ7: Alberta | EO7: British Columbia and Territories1
A8: Table 26: Heating System Stock Efficiencies | Y8: Table 26: Heating System Stock Efficiencies | AW8: Table 26: Heating System Stock Efficiencies | BU8: Table 26: Heating System Stock Efficiencies | CS8: Table 26: Heating System Stock Efficiencies | DQ8: Table 26: Heating System Stock Efficiencies | EO8: Table 26: Heating System Stock Efficiencies
C11: 2000 | D11: 2001 | E11: 2002 | F11: 2003 | G11: 2004 | H11: 2005 | I11: 2006 | J11: 2007 | K11: 2008 | L11: 2009 | M11: 2010 | N11: 2011 | O11: 2012 | P11: 2013 | Q11: 2014 | R11: 2015 | S11: 2016 | T11: 2017 | U11: 2018 | V11: 2019 | W11: 2020 | AA11: 2000 | AB11: 2001 | AC11: 2002 | AD11: 2003 | AE11: 2004 | AF11: 2005 | AG11: 2006 | AH11: 2007 | AI11: 2008 | AJ11: 2009 | AK11: 2010 | AL11: 2011 | AM11: 2012 | AN11: 2013 | AO11: 2014 | AP11: 2015 | AQ11: 2016 | AR11: 2017 | AS11: 2018 | AT11: 2019 | AU11: 2020 | AY11: 2000 | AZ11: 2001 | BA11: 2002 | BB11: 2003 | BC11: 2004 | BD11: 2005 | BE11: 2006 | BF11: 2007 | BG11: 2008 | BH11: 2009 | BI11: 2010 | BJ11: 2011 | BK11: 2012 | BL11: 2013 | BM11: 2014 | BN11: 2015 | BO11: 2016 | BP11: 2017 | BQ11: 2018 | BR11: 2019 | BS11: 2020 | BW11: 2000 | BX11: 2001 | BY11: 2002 | BZ11: 2003 | CA11: 2004 | CB11: 2005 | CC11: 2006 | CD11: 2007 | CE11: 2008 | CF11: 2009 | CG11: 2010 | CH11: 2011 | CI11: 2012 | CJ11: 2013 | CK11: 2014 | CL11: 2015 | CM11: 2016 | CN11: 2017 | CO11: 2018 | CP11: 2019 | CQ11: 2020 | CU11: 2000 | CV11: 2001 | CW11: 2002 | CX11: 2003 | CY11: 2004 | CZ11: 2005 | DA11: 2006 | DB11: 2007 | DC11: 2008 | DD11: 2009 | DE11: 2010 | DF11: 2011 | DG11: 2012 | DH11: 2013 | DI11: 2014 | DJ11: 2015 | DK11: 2016 | DL11: 2017 | DM11: 2018 | DN11: 2019 | DO11: 2020 | DS11: 2000 | DT11: 2001 | DU11: 2002 | DV11: 2003 | DW11: 2004 | DX11: 2005 | DY11: 2006 | DZ11: 2007 | EA11: 2008 | EB11: 2009 | EC11: 2010 | ED11: 2011 | EE11: 2012 | EF11: 2013 | EG11: 2014 | EH11: 2015 | EI11: 2016 | EJ11: 2017 | EK11: 2018 | EL11: 2019 | EM11: 2020 | EQ11: 2000 | ER11: 2001 | ES11: 2002 | ET11: 2003 | EU11: 2004 | EV11: 2005 | EW11: 2006 | EX11: 2007 | EY11: 2008 | EZ11: 2009 | FA11: 2010 | FB11: 2011 | FC11: 2012 | FD11: 2013 | FE11: 2014 | FF11: 2015 | FG11: 2016 | FH11: 2017 | FI11: 2018 | FJ11: 2019 | FK11: 2020
B13: Heating System Stock Efficiencies by System Type (%) | Z13: Heating System Stock Efficiencies by System Type (%) | AX13: Heating System Stock Efficiencies by System Type (%) | BV13: Heating System Stock Efficiencies by System Type (%) | CT13: Heating System Stock Efficiencies by System Type (%) | DR13: Heating System Stock Efficiencies by System Type (%) | EP13: Heating System Stock Efficiencies by System Type (%)
B14: Heating Oil – Normal Efficiency | C14: 60 | D14: 60 | E14: 60 | F14: 60 | G14: 60 | H14: 60 | I14: 60 | J14: 60 | K14: 60 | L14: 60 | M14: 60 | N14: 60 | O14: 60 | P14: 60 | Q14: 60 | R14: 60 | S14: 60 | T14: 60 | U14: 60 | V14: 60 | W14: 60 | Z14: Heating Oil – Normal Efficiency | AA14: 60 | AB14: 60 | AC14: 60 | AD14: 60 | AE14: 60 | AF14: 60 | AG14: 60 | AH14: 60 | AI14: 60 | AJ14: 60 | AK14: 60 | AL14: 60 | AM14: 60 | AN14: 60 | AO14: 60 | AP14: 60 | AQ14: 60 | AR14: 60 | AS14: 60 | AT14: 60 | AU14: 60 | AX14: Heating Oil – Normal Efficiency | AY14: 60 | AZ14: 60 | BA14: 60 | BB14: 60 | BC14: 60 | BD14: 60 | BE14: 60 | BF14: 60 | BG14: 60 | BH14: 60 | BI14: 60 | BJ14: 60 | BK14: 60 | BL14: 60 | BM14: 60 | BN14: 60 | BO14: 60 | BP14: 60 | BQ14: 60 | BR14: 60 | BS14: 60 | BV14: Heating Oil – Normal Efficiency | BW14: 60 | BX14: 60 | BY14: 60 | BZ14: 60 | CA14: 60 | CB14: 60 | CC14: 60 | CD14: 60 | CE14: 60 | CF14: 60 | CG14: 60 | CH14: 60 | CI14: 60 | CJ14: 60 | CK14: 60 | CL14: 60 | CM14: 60 | CN14: 60 | CO14: 60 | CP14: 60 | CQ14: 60 | CT14: Heating Oil – Normal Efficiency | CU14: 60 | CV14: 60 | CW14: 60 | CX14: 60 | CY14: 60 | CZ14: 60 | DA14: 60 | DB14: 60 | DC14: 60 | DD14: 60 | DE14: 60 | DF14: 60 | DG14: 60 | DH14: 60 | DI14: 60 | DJ14: 60 | DK14: 60 | DL14: 60 | DM14: 60 | DN14: 60 | DO14: 60 | DR14: Heating Oil – Normal Efficiency | DS14: 60 | DT14: 60 | DU14: 60 | DV14: 60 | DW14: 60 | DX14: 60 | DY14: 60 | DZ14: 60 | EA14: 60 | EB14: 60 | EC14: 60 | ED14: 60 | EE14: 60 | EF14: 60 | EG14: 60 | EH14: 60 | EI14: 60 | EJ14: 60 | EK14: 60 | EL14: 60 | EM14: 60 | EP14: Heating Oil – Normal Efficiency | EQ14: 60 | ER14: 60 | ES14: 60 | ET14: 60 | EU14: 60 | EV14: 60 | EW14: 60 | EX14: 60 | EY14: 60 | EZ14: 60 | FA14: 60 | FB14: 60 | FC14: 60 | FD14: 60 | FE14: 60 | FF14: 60 | FG14: 60 | FH14: 60 | FI14: 60 | FJ14: 60 | FK14: 60
B15: Heating Oil – Medium Efficiency | C15: 78 | D15: 78 | E15: 78 | F15: 78 | G15: 78 | H15: 78 | I15: 78 | J15: 78 | K15: 78 | L15: 78 | M15: 78 | N15: 78 | O15: 78 | P15: 78 | Q15: 78 | R15: 78 | S15: 78 | T15: 78 | U15: 78 | V15: 78 | W15: 78 | Z15: Heating Oil – Medium Efficiency | AA15: 78 | AB15: 78 | AC15: 78 | AD15: 78 | AE15: 78 | AF15: 78 | AG15: 78 | AH15: 78 | AI15: 78 | AJ15: 78 | AK15: 78 | AL15: 78 | AM15: 78 | AN15: 78 | AO15: 78 | AP15: 78 | AQ15: 78 | AR15: 78 | AS15: 78 | AT15: 78 | AU15: 78 | AX15: Heating Oil – Medium Efficiency | AY15: 78 | AZ15: 78 | BA15: 78 | BB15: 78 | BC15: 78 | BD15: 78 | BE15: 78 | BF15: 78 | BG15: 78 | BH15: 78 | BI15: 78 | BJ15: 78 | BK15: 78 | BL15: 78 | BM15: 78 | BN15: 78 | BO15: 78 | BP15: 78 | BQ15: 78 | BR15: 78 | BS15: 78 | BV15: Heating Oil – Medium Efficiency | BW15: 78 | BX15: 78 | BY15: 78 | BZ15: 78 | CA15: 78 | CB15: 78 | CC15: 78 | CD15: 78 | CE15: 78 | CF15: 78 | CG15: 78 | CH15: 78 | CI15: 78 | CJ15: 78 | CK15: 78 | CL15: 78 | CM15: 78 | CN15: 78 | CO15: 78 | CP15: 78 | CQ15: 78 | CT15: Heating Oil – Medium Efficiency | CU15: 78 | CV15: 78 | CW15: 78 | CX15: 78 | CY15: 78 | CZ15: 78 | DA15: 78 | DB15: 78 | DC15: 78 | DD15: 78 | DE15: 78 | DF15: 78 | DG15: 78 | DH15: 78 | DI15: 78 | DJ15: 78 | DK15: 78 | DL15: 78 | DM15: 78 | DN15: 78 | DO15: 78 | DR15: Heating Oil – Medium Efficiency | DS15: 78 | DT15: 78 | DU15: 78 | DV15: 78 | DW15: 78 | DX15: 78 | DY15: 78 | DZ15: 78 | EA15: 78 | EB15: 78 | EC15: 78 | ED15: 78 | EE15: 78 | EF15: 78 | EG15: 78 | EH15: 78 | EI15: 78 | EJ15: 78 | EK15: 78 | EL15: 78 | EM15: 78 | EP15: Heating Oil – Medium Efficiency | EQ15: 78 | ER15: 78 | ES15: 78 | ET15: 78 | EU15: 78 | EV15: 78 | EW15: 78 | EX15: 78 | EY15: 78 | EZ15: 78 | FA15: 78 | FB15: 78 | FC15: 78 | FD15: 78 | FE15: 78 | FF15: 78 | FG15: 78 | FH15: 78 | FI15: 78 | FJ15: 78 | FK15: 78
B16: Heating Oil – High Efficiency | C16: 85 | D16: 85 | E16: 85 | F16: 85 | G16: 85 | H16: 85 | I16: 85 | J16: 85 | K16: 85 | L16: 85 | M16: 85 | N16: 85 | O16: 85 | P16: 85 | Q16: 85 | R16: 85 | S16: 85 | T16: 85 | U16: 85 | V16: 85 | W16: 85 | Z16: Heating Oil – High Efficiency | AA16: 85 | AB16: 85 | AC16: 85 | AD16: 85 | AE16: 85 | AF16: 85 | AG16: 85 | AH16: 85 | AI16: 85 | AJ16: 85 | AK16: 85 | AL16: 85 | AM16: 85 | AN16: 85 | AO16: 85 | AP16: 85 | AQ16: 85 | AR16: 85 | AS16: 85 | AT16: 85 | AU16: 85 | AX16: Heating Oil – High Efficiency | AY16: 85 | AZ16: 85 | BA16: 85 | BB16: 85 | BC16: 85 | BD16: 85 | BE16: 85 | BF16: 85 | BG16: 85 | BH16: 85 | BI16: 85 | BJ16: 85 | BK16: 85 | BL16: 85 | BM16: 85 | BN16: 85 | BO16: 85 | BP16: 85 | BQ16: 85 | BR16: 85 | BS16: 85 | BV16: Heating Oil – High Efficiency | BW16: 85 | BX16: 85 | BY16: 85 | BZ16: 85 | CA16: 85 | CB16: 85 | CC16: 85 | CD16: 85 | CE16: 85 | CF16: 85 | CG16: 85 | CH16: 85 | CI16: 85 | CJ16: 85 | CK16: 85 | CL16: 85 | CM16: 85 | CN16: 85 | CO16: 85 | CP16: 85 | CQ16: 85 | CT16: Heating Oil – High Efficiency | CU16: 85 | CV16: 85 | CW16: 85 | CX16: 85 | CY16: 85 | CZ16: 85 | DA16: 85 | DB16: 85 | DC16: 85 | DD16: 85 | DE16: 85 | DF16: 85 | DG16: 85 | DH16: 85 | DI16: 85 | DJ16: 85 | DK16: 85 | DL16: 85 | DM16: 85 | DN16: 85 | DO16: 85 | DR16: Heating Oil – High Efficiency | DS16: 85 | DT16: 85 | DU16: 85 | DV16: 85 | DW16: 85 | DX16: 85 | DY16: 85 | DZ16: 85 | EA16: 85 | EB16: 85 | EC16: 85 | ED16: 85 | EE16: 85 | EF16: 85 | EG16: 85 | EH16: 85 | EI16: 85 | EJ16: 85 | EK16: 85 | EL16: 85 | EM16: 85 | EP16: Heating Oil – High Efficiency | EQ16: 85 | ER16: 85 | ES16: 85 | ET16: 85 | EU16: 85 | EV16: 85 | EW16: 85 | EX16: 85 | EY16: 85 | EZ16: 85 | FA16: 85 | FB16: 85 | FC16: 85 | FD16: 85 | FE16: 85 | FF16: 85 | FG16: 85 | FH16: 85 | FI16: 85 | FJ16: 85 | FK16: 85
B17: Natural Gas – Normal Efficiency | C17: 62 | D17: 62 | E17: 62 | F17: 62 | G17: 62 | H17: 62 | I17: 62 | J17: 62 | K17: 62 | L17: 62 | M17: 62 | N17: 62 | O17: 62 | P17: 62 | Q17: 62 | R17: 62 | S17: 62 | T17: 62 | U17: 62 | V17: 62 | W17: 62 | Z17: Natural Gas – Normal Efficiency | AA17: 62 | AB17: 62 | AC17: 62 | AD17: 62 | AE17: 62 | AF17: 62 | AG17: 62 | AH17: 62 | AI17: 62 | AJ17: 62 | AK17: 62 | AL17: 62 | AM17: 62 | AN17: 62 | AO17: 62 | AP17: 62 | AQ17: 62 | AR17: 62 | AS17: 62 | AT17: 62 | AU17: 62 | AX17: Natural Gas – Normal Efficiency | AY17: 62 | AZ17: 62 | BA17: 62 | BB17: 62 | BC17: 62 | BD17: 62 | BE17: 62 | BF17: 62 | BG17: 62 | BH17: 62 | BI17: 62 | BJ17: 62 | BK17: 62 | BL17: 62 | BM17: 62 | BN17: 62 | BO17: 62 | BP17: 62 | BQ17: 62 | BR17: 62 | BS17: 62 | BV17: Natural Gas – Normal Efficiency | BW17: 62 | BX17: 62 | BY17: 62 | BZ17: 62 | CA17: 62 | CB17: 62 | CC17: 62 | CD17: 62 | CE17: 62 | CF17: 62 | CG17: 62 | CH17: 62 | CI17: 62 | CJ17: 62 | CK17: 62 | CL17: 62 | CM17: 62 | CN17: 62 | CO17: 62 | CP17: 62 | CQ17: 62 | CT17: Natural Gas – Normal Efficiency | CU17: 62 | CV17: 62 | CW17: 62 | CX17: 62 | CY17: 62 | CZ17: 62 | DA17: 62 | DB17: 62 | DC17: 62 | DD17: 62 | DE17: 62 | DF17: 62 | DG17: 62 | DH17: 62 | DI17: 62 | DJ17: 62 | DK17: 62 | DL17: 62 | DM17: 62 | DN17: 62 | DO17: 62 | DR17: Natural Gas – Normal Efficiency | DS17: 62 | DT17: 62 | DU17: 62 | DV17: 62 | DW17: 62 | DX17: 62 | DY17: 62 | DZ17: 62 | EA17: 62 | EB17: 62 | EC17: 62 | ED17: 62 | EE17: 62 | EF17: 62 | EG17: 62 | EH17: 62 | EI17: 62 | EJ17: 62 | EK17: 62 | EL17: 62 | EM17: 62 | EP17: Natural Gas – Normal Efficiency | EQ17: 62 | ER17: 62 | ES17: 62 | ET17: 62 | EU17: 62 | EV17: 62 | EW17: 62 | EX17: 62 | EY17: 62 | EZ17: 62 | FA17: 62 | FB17: 62 | FC17: 62 | FD17: 62 | FE17: 62 | FF17: 62 | FG17: 62 | FH17: 62 | FI17: 62 | FJ17: 62 | FK17: 62
B18: Natural Gas – Medium Efficiency | C18: 79 | D18: 80 | E18: 80 | F18: 80 | G18: 80 | H18: 80 | I18: 80 | J18: 80 | K18: 80 | L18: 80 | M18: 80 | N18: 80 | O18: 80 | P18: 80 | Q18: 80 | R18: 80 | S18: 80 | T18: 80 | U18: 80 | V18: 80 | W18: 80 | Z18: Natural Gas – Medium Efficiency | AA18: 79 | AB18: 80 | AC18: 80 | AD18: 80 | AE18: 80 | AF18: 80 | AG18: 80 | AH18: 80 | AI18: 80 | AJ18: 80 | AK18: 80 | AL18: 80 | AM18: 80 | AN18: 80 | AO18: 80 | AP18: 80 | AQ18: 80 | AR18: 80 | AS18: 80 | AT18: 80 | AU18: 80 | AX18: Natural Gas – Medium Efficiency | AY18: 79 | AZ18: 80 | BA18: 80 | BB18: 80 | BC18: 80 | BD18: 80 | BE18: 80 | BF18: 80 | BG18: 80 | BH18: 80 | BI18: 80 | BJ18: 80 | BK18: 80 | BL18: 80 | BM18: 80 | BN18: 80 | BO18: 80 | BP18: 80 | BQ18: 80 | BR18: 80 | BS18: 80 | BV18: Natural Gas – Medium Efficiency | BW18: 79 | BX18: 80 | BY18: 80 | BZ18: 80 | CA18: 80 | CB18: 80 | CC18: 80 | CD18: 80 | CE18: 80 | CF18: 80 | CG18: 80 | CH18: 80 | CI18: 80 | CJ18: 80 | CK18: 80 | CL18: 80 | CM18: 80 | CN18: 80 | CO18: 80 | CP18: 80 | CQ18: 80 | CT18: Natural Gas – Medium Efficiency | CU18: 79 | CV18: 80 | CW18: 80 | CX18: 80 | CY18: 80 | CZ18: 80 | DA18: 80 | DB18: 80 | DC18: 80 | DD18: 80 | DE18: 80 | DF18: 80 | DG18: 80 | DH18: 80 | DI18: 80 | DJ18: 80 | DK18: 80 | DL18: 80 | DM18: 80 | DN18: 80 | DO18: 80 | DR18: Natural Gas – Medium Efficiency | DS18: 79 | DT18: 80 | DU18: 80 | DV18: 80 | DW18: 80 | DX18: 80 | DY18: 80 | DZ18: 80 | EA18: 80 | EB18: 80 | EC18: 80 | ED18: 80 | EE18: 80 | EF18: 80 | EG18: 80 | EH18: 80 | EI18: 80 | EJ18: 80 | EK18: 80 | EL18: 80 | EM18: 80 | EP18: Natural Gas – Medium Efficiency | EQ18: 79 | ER18: 80 | ES18: 80 | ET18: 80 | EU18: 80 | EV18: 80 | EW18: 80 | EX18: 80 | EY18: 80 | EZ18: 80 | FA18: 80 | FB18: 80 | FC18: 80 | FD18: 80 | FE18: 80 | FF18: 80 | FG18: 80 | FH18: 80 | FI18: 80 | FJ18: 80 | FK18: 80
B19: Natural Gas – High Efficiency | C19: 90 | D19: 90 | E19: 90 | F19: 90 | G19: 90 | H19: 90 | I19: 90 | J19: 90 | K19: 90 | L19: 90 | M19: 90 | N19: 90 | O19: 90 | P19: 90 | Q19: 90 | R19: 90 | S19: 90 | T19: 90 | U19: 90 | V19: 90 | W19: 90 | Z19: Natural Gas – High Efficiency | AA19: 90 | AB19: 90 | AC19: 90 | AD19: 90 | AE19: 90 | AF19: 90 | AG19: 90 | AH19: 90 | AI19: 90 | AJ19: 90 | AK19: 90 | AL19: 90 | AM19: 90 | AN19: 90 | AO19: 90 | AP19: 90 | AQ19: 90 | AR19: 90 | AS19: 90 | AT19: 90 | AU19: 90 | AX19: Natural Gas – High Efficiency | AY19: 90 | AZ19: 90 | BA19: 90 | BB19: 90 | BC19: 90 | BD19: 90 | BE19: 90 | BF19: 90 | BG19: 90 | BH19: 90 | BI19: 90 | BJ19: 90 | BK19: 90 | BL19: 90 | BM19: 90 | BN19: 90 | BO19: 90 | BP19: 90 | BQ19: 90 | BR19: 90 | BS19: 90 | BV19: Natural Gas – High Efficiency | BW19: 90 | BX19: 90 | BY19: 90 | BZ19: 90 | CA19: 90 | CB19: 90 | CC19: 90 | CD19: 90 | CE19: 90 | CF19: 90 | CG19: 90 | CH19: 90 | CI19: 90 | CJ19: 90 | CK19: 90 | CL19: 90 | CM19: 90 | CN19: 90 | CO19: 90 | CP19: 90 | CQ19: 90 | CT19: Natural Gas – High Efficiency | CU19: 90 | CV19: 90 | CW19: 90 | CX19: 90 | CY19: 90 | CZ19: 90 | DA19: 90 | DB19: 90 | DC19: 90 | DD19: 90 | DE19: 90 | DF19: 90 | DG19: 90 | DH19: 90 | DI19: 90 | DJ19: 90 | DK19: 90 | DL19: 90 | DM19: 90 | DN19: 90 | DO19: 90 | DR19: Natural Gas – High Efficiency | DS19: 90 | DT19: 90 | DU19: 90 | DV19: 90 | DW19: 90 | DX19: 90 | DY19: 90 | DZ19: 90 | EA19: 90 | EB19: 90 | EC19: 90 | ED19: 90 | EE19: 90 | EF19: 90 | EG19: 90 | EH19: 90 | EI19: 90 | EJ19: 90 | EK19: 90 | EL19: 90 | EM19: 90 | EP19: Natural Gas – High Efficiency | EQ19: 90 | ER19: 90 | ES19: 90 | ET19: 90 | EU19: 90 | EV19: 90 | EW19: 90 | EX19: 90 | EY19: 90 | EZ19: 90 | FA19: 90 | FB19: 90 | FC19: 90 | FD19: 90 | FE19: 90 | FF19: 90 | FG19: 90 | FH19: 90 | FI19: 90 | FJ19: 90 | FK19: 90
B20: Electric | C20: 100 | D20: 100 | E20: 100 | F20: 100 | G20: 100 | H20: 100 | I20: 100 | J20: 100 | K20: 100 | L20: 100 | M20: 100 | N20: 100 | O20: 100 | P20: 100 | Q20: 100 | R20: 100 | S20: 100 | T20: 100 | U20: 100 | V20: 100 | W20: 100 | Z20: Electric | AA20: 100 | AB20: 100 | AC20: 100 | AD20: 100 | AE20: 100 | AF20: 100 | AG20: 100 | AH20: 100 | AI20: 100 | AJ20: 100 | AK20: 100 | AL20: 100 | AM20: 100 | AN20: 100 | AO20: 100 | AP20: 100 | AQ20: 100 | AR20: 100 | AS20: 100 | AT20: 100 | AU20: 100 | AX20: Electric | AY20: 100 | AZ20: 100 | BA20: 100 | BB20: 100 | BC20: 100 | BD20: 100 | BE20: 100 | BF20: 100 | BG20: 100 | BH20: 100 | BI20: 100 | BJ20: 100 | BK20: 100 | BL20: 100 | BM20: 100 | BN20: 100 | BO20: 100 | BP20: 100 | BQ20: 100 | BR20: 100 | BS20: 100 | BV20: Electric | BW20: 100 | BX20: 100 | BY20: 100 | BZ20: 100 | CA20: 100 | CB20: 100 | CC20: 100 | CD20: 100 | CE20: 100 | CF20: 100 | CG20: 100 | CH20: 100 | CI20: 100 | CJ20: 100 | CK20: 100 | CL20: 100 | CM20: 100 | CN20: 100 | CO20: 100 | CP20: 100 | CQ20: 100 | CT20: Electric | CU20: 100 | CV20: 100 | CW20: 100 | CX20: 100 | CY20: 100 | CZ20: 100 | DA20: 100 | DB20: 100 | DC20: 100 | DD20: 100 | DE20: 100 | DF20: 100 | DG20: 100 | DH20: 100 | DI20: 100 | DJ20: 100 | DK20: 100 | DL20: 100 | DM20: 100 | DN20: 100 | DO20: 100 | DR20: Electric | DS20: 100 | DT20: 100 | DU20: 100 | DV20: 100 | DW20: 100 | DX20: 100 | DY20: 100 | DZ20: 100 | EA20: 100 | EB20: 100 | EC20: 100 | ED20: 100 | EE20: 100 | EF20: 100 | EG20: 100 | EH20: 100 | EI20: 100 | EJ20: 100 | EK20: 100 | EL20: 100 | EM20: 100 | EP20: Electric | EQ20: 100 | ER20: 100 | ES20: 100 | ET20: 100 | EU20: 100 | EV20: 100 | EW20: 100 | EX20: 100 | EY20: 100 | EZ20: 100 | FA20: 100 | FB20: 100 | FC20: 100 | FD20: 100 | FE20: 100 | FF20: 100 | FG20: 100 | FH20: 100 | FI20: 100 | FJ20: 100 | FK20: 100
B21: Heat Pump | C21: 190 | D21: 190 | E21: 190 | F21: 190 | G21: 190 | H21: 190 | I21: 190 | J21: 190 | K21: 190 | L21: 190 | M21: 190 | N21: 190 | O21: 190 | P21: 190 | Q21: 190 | R21: 190 | S21: 190 | T21: 190 | U21: 190 | V21: 190 | W21: 190 | Z21: Heat Pump | AA21: 190 | AB21: 190 | AC21: 190 | AD21: 190 | AE21: 190 | AF21: 190 | AG21: 190 | AH21: 190 | AI21: 190 | AJ21: 190 | AK21: 190 | AL21: 190 | AM21: 190 | AN21: 190 | AO21: 190 | AP21: 190 | AQ21: 190 | AR21: 190 | AS21: 190 | AT21: 190 | AU21: 190 | AX21: Heat Pump | AY21: 190 | AZ21: 190 | BA21: 190 | BB21: 190 | BC21: 190 | BD21: 190 | BE21: 190 | BF21: 190 | BG21: 190 | BH21: 190 | BI21: 190 | BJ21: 190 | BK21: 190 | BL21: 190 | BM21: 190 | BN21: 190 | BO21: 190 | BP21: 190 | BQ21: 190 | BR21: 190 | BS21: 190 | BV21: Heat Pump | BW21: 190 | BX21: 190 | BY21: 190 | BZ21: 190 | CA21: 190 | CB21: 190 | CC21: 190 | CD21: 190 | CE21: 190 | CF21: 190 | CG21: 190 | CH21: 190 | CI21: 190 | CJ21: 190 | CK21: 190 | CL21: 190 | CM21: 190 | CN21: 190 | CO21: 190 | CP21: 190 | CQ21: 190 | CT21: Heat Pump | CU21: 190 | CV21: 190 | CW21: 190 | CX21: 190 | CY21: 190 | CZ21: 190 | DA21: 190 | DB21: 190 | DC21: 190 | DD21: 190 | DE21: 190 | DF21: 190 | DG21: 190 | DH21: 190 | DI21: 190 | DJ21: 190 | DK21: 190 | DL21: 190 | DM21: 190 | DN21: 190 | DO21: 190 | DR21: Heat Pump | DS21: 190 | DT21: 190 | DU21: 190 | DV21: 190 | DW21: 190 | DX21: 190 | DY21: 190 | DZ21: 190 | EA21: 190 | EB21: 190 | EC21: 190 | ED21: 190 | EE21: 190 | EF21: 190 | EG21: 190 | EH21: 190 | EI21: 190 | EJ21: 190 | EK21: 190 | EL21: 190 | EM21: 190 | EP21: Heat Pump | EQ21: 190 | ER21: 190 | ES21: 190 | ET21: 190 | EU21: 190 | EV21: 190 | EW21: 190 | EX21: 190 | EY21: 190 | EZ21: 190 | FA21: 190 | FB21: 190 | FC21: 190 | FD21: 190 | FE21: 190 | FF21: 190 | FG21: 190 | FH21: 190 | FI21: 190 | FJ21: 190 | FK21: 190
B22: Other1 | C22: 50 | D22: 50 | E22: 50 | F22: 50 | G22: 50 | H22: 50 | I22: 50 | J22: 50 | K22: 50 | L22: 50 | M22: 50 | N22: 50 | O22: 50 | P22: 50 | Q22: 50 | R22: 50 | S22: 50 | T22: 50 | U22: 50 | V22: 50 | W22: 50 | Z22: Other1 | AA22: 50 | AB22: 50 | AC22: 50 | AD22: 50 | AE22: 50 | AF22: 50 | AG22: 50 | AH22: 50 | AI22: 50 | AJ22: 50 | AK22: 50 | AL22: 50 | AM22: 50 | AN22: 50 | AO22: 50 | AP22: 50 | AQ22: 50 | AR22: 50 | AS22: 50 | AT22: 50 | AU22: 50 | AX22: Other1 | AY22: 50 | AZ22: 50 | BA22: 50 | BB22: 50 | BC22: 50 | BD22: 50 | BE22: 50 | BF22: 50 | BG22: 50 | BH22: 50 | BI22: 50 | BJ22: 50 | BK22: 50 | BL22: 50 | BM22: 50 | BN22: 50 | BO22: 50 | BP22: 50 | BQ22: 50 | BR22: 50 | BS22: 50 | BV22: Other1 | BW22: 50 | BX22: 50 | BY22: 50 | BZ22: 50 | CA22: 50 | CB22: 50 | CC22: 50 | CD22: 50 | CE22: 50 | CF22: 50 | CG22: 50 | CH22: 50 | CI22: 50 | CJ22: 50 | CK22: 50 | CL22: 50 | CM22: 50 | CN22: 50 | CO22: 50 | CP22: 50 | CQ22: 50 | CT22: Other1 | CU22: 50 | CV22: 50 | CW22: 50 | CX22: 50 | CY22: 50 | CZ22: 50 | DA22: 50 | DB22: 50 | DC22: 50 | DD22: 50 | DE22: 50 | DF22: 50 | DG22: 50 | DH22: 50 | DI22: 50 | DJ22: 50 | DK22: 50 | DL22: 50 | DM22: 50 | DN22: 50 | DO22: 50 | DR22: Other1 | DS22: 50 | DT22: 50 | DU22: 50 | DV22: 50 | DW22: 50 | DX22: 50 | DY22: 50 | DZ22: 50 | EA22: 50 | EB22: 50 | EC22: 50 | ED22: 50 | EE22: 50 | EF22: 50 | EG22: 50 | EH22: 50 | EI22: 50 | EJ22: 50 | EK22: 50 | EL22: 50 | EM22: 50 | EP22: Other1 | EQ22: 50 | ER22: 50 | ES22: 50 | ET22: 50 | EU22: 50 | EV22: 50 | EW22: 50 | EX22: 50 | EY22: 50 | EZ22: 50 | FA22: 50 | FB22: 50 | FC22: 50 | FD22: 50 | FE22: 50 | FF22: 50 | FG22: 50 | FH22: 50 | FI22: 50 | FJ22: 50 | FK22: 50
B23: Wood | C23: 50 | D23: 50 | E23: 50 | F23: 50 | G23: 50 | H23: 50 | I23: 50 | J23: 50 | K23: 50 | L23: 50 | M23: 50 | N23: 50 | O23: 50 | P23: 50 | Q23: 50 | R23: 50 | S23: 50 | T23: 50 | U23: 50 | V23: 50 | W23: 50 | Z23: Wood | AA23: 50 | AB23: 50 | AC23: 50 | AD23: 50 | AE23: 50 | AF23: 50 | AG23: 50 | AH23: 50 | AI23: 50 | AJ23: 50 | AK23: 50 | AL23: 50 | AM23: 50 | AN23: 50 | AO23: 50 | AP23: 50 | AQ23: 50 | AR23: 50 | AS23: 50 | AT23: 50 | AU23: 50 | AX23: Wood | AY23: 50 | AZ23: 50 | BA23: 50 | BB23: 50 | BC23: 50 | BD23: 50 | BE23: 50 | BF23: 50 | BG23: 50 | BH23: 50 | BI23: 50 | BJ23: 50 | BK23: 50 | BL23: 50 | BM23: 50 | BN23: 50 | BO23: 50 | BP23: 50 | BQ23: 50 | BR23: 50 | BS23: 50 | BV23: Wood | BW23: 50 | BX23: 50 | BY23: 50 | BZ23: 50 | CA23: 50 | CB23: 50 | CC23: 50 | CD23: 50 | CE23: 50 | CF23: 50 | CG23: 50 | CH23: 50 | CI23: 50 | CJ23: 50 | CK23: 50 | CL23: 50 | CM23: 50 | CN23: 50 | CO23: 50 | CP23: 50 | CQ23: 50 | CT23: Wood | CU23: 50 | CV23: 50 | CW23: 50 | CX23: 50 | CY23: 50 | CZ23: 50 | DA23: 50 | DB23: 50 | DC23: 50 | DD23: 50 | DE23: 50 | DF23: 50 | DG23: 50 | DH23: 50 | DI23: 50 | DJ23: 50 | DK23: 50 | DL23: 50 | DM23: 50 | DN23: 50 | DO23: 50 | DR23: Wood | DS23: 50 | DT23: 50 | DU23: 50 | DV23: 50 | DW23: 50 | DX23: 50 | DY23: 50 | DZ23: 50 | EA23: 50 | EB23: 50 | EC23: 50 | ED23: 50 | EE23: 50 | EF23: 50 | EG23: 50 | EH23: 50 | EI23: 50 | EJ23: 50 | EK23: 50 | EL23: 50 | EM23: 50 | EP23: Wood | EQ23: 50 | ER23: 50 | ES23: 50 | ET23: 50 | EU23: 50 | EV23: 50 | EW23: 50 | EX23: 50 | EY23: 50 | EZ23: 50 | FA23: 50 | FB23: 50 | FC23: 50 | FD23: 50 | FE23: 50 | FF23: 50 | FG23: 50 | FH23: 50 | FI23: 50 | FJ23: 50 | FK23: 50
B25: Dual Heating Systems Electric/Wood | Z25: Dual Heating Systems Electric/Wood | AX25: Dual Heating Systems Electric/Wood | BV25: Dual Heating Systems Electric/Wood | CT25: Dual Heating Systems Electric/Wood | DR25: Dual Heating Systems Electric/Wood | EP25: Dual Heating Systems Electric/Wood
B26: Electricity | C26: 100 | D26: 100 | E26: 100 | F26: 100 | G26: 100 | H26: 100 | I26: 100 | J26: 100 | K26: 100 | L26: 100 | M26: 100 | N26: 100 | O26: 100 | P26: 100 | Q26: 100 | R26: 100 | S26: 100 | T26: 100 | U26: 100 | V26: 100 | W26: 100 | Z26: Electricity | AA26: 100 | AB26: 100 | AC26: 100 | AD26: 100 | AE26: 100 | AF26: 100 | AG26: 100 | AH26: 100 | AI26: 100 | AJ26: 100 | AK26: 100 | AL26: 100 | AM26: 100 | AN26: 100 | AO26: 100 | AP26: 100 | AQ26: 100 | AR26: 100 | AS26: 100 | AT26: 100 | AU26: 100 | AX26: Electricity | AY26: 100 | AZ26: 100 | BA26: 100 | BB26: 100 | BC26: 100 | BD26: 100 | BE26: 100 | BF26: 100 | BG26: 100 | BH26: 100 | BI26: 100 | BJ26: 100 | BK26: 100 | BL26: 100 | BM26: 100 | BN26: 100 | BO26: 100 | BP26: 100 | BQ26: 100 | BR26: 100 | BS26: 100 | BV26: Electricity | BW26: 100 | BX26: 100 | BY26: 100 | BZ26: 100 | CA26: 100 | CB26: 100 | CC26: 100 | CD26: 100 | CE26: 100 | CF26: 100 | CG26: 100 | CH26: 100 | CI26: 100 | CJ26: 100 | CK26: 100 | CL26: 100 | CM26: 100 | CN26: 100 | CO26: 100 | CP26: 100 | CQ26: 100 | CT26: Electricity | CU26: 100 | CV26: 100 | CW26: 100 | CX26: 100 | CY26: 100 | CZ26: 100 | DA26: 100 | DB26: 100 | DC26: 100 | DD26: 100 | DE26: 100 | DF26: 100 | DG26: 100 | DH26: 100 | DI26: 100 | DJ26: 100 | DK26: 100 | DL26: 100 | DM26: 100 | DN26: 100 | DO26: 100 | DR26: Electricity | DS26: 100 | DT26: 100 | DU26: 100 | DV26: 100 | DW26: 100 | DX26: 100 | DY26: 100 | DZ26: 100 | EA26: 100 | EB26: 100 | EC26: 100 | ED26: 100 | EE26: 100 | EF26: 100 | EG26: 100 | EH26: 100 | EI26: 100 | EJ26: 100 | EK26: 100 | EL26: 100 | EM26: 100 | EP26: Electricity | EQ26: 100 | ER26: 100 | ES26: 100 | ET26: 100 | EU26: 100 | EV26: 100 | EW26: 100 | EX26: 100 | EY26: 100 | EZ26: 100 | FA26: 100 | FB26: 100 | FC26: 100 | FD26: 100 | FE26: 100 | FF26: 100 | FG26: 100 | FH26: 100 | FI26: 100 | FJ26: 100 | FK26: 100
B27: Wood | C27: 50 | D27: 50 | E27: 50 | F27: 50 | G27: 50 | H27: 50 | I27: 50 | J27: 50 | K27: 50 | L27: 50 | M27: 50 | N27: 50 | O27: 50 | P27: 50 | Q27: 50 | R27: 50 | S27: 50 | T27: 50 | U27: 50 | V27: 50 | W27: 50 | Z27: Wood | AA27: 50 | AB27: 50 | AC27: 50 | AD27: 50 | AE27: 50 | AF27: 50 | AG27: 50 | AH27: 50 | AI27: 50 | AJ27: 50 | AK27: 50 | AL27: 50 | AM27: 50 | AN27: 50 | AO27: 50 | AP27: 50 | AQ27: 50 | AR27: 50 | AS27: 50 | AT27: 50 | AU27: 50 | AX27: Wood | AY27: 50 | AZ27: 50 | BA27: 50 | BB27: 50 | BC27: 50 | BD27: 50 | BE27: 50 | BF27: 50 | BG27: 50 | BH27: 50 | BI27: 50 | BJ27: 50 | BK27: 50 | BL27: 50 | BM27: 50 | BN27: 50 | BO27: 50 | BP27: 50 | BQ27: 50 | BR27: 50 | BS27: 50 | BV27: Wood | BW27: 50 | BX27: 50 | BY27: 50 | BZ27: 50 | CA27: 50 | CB27: 50 | CC27: 50 | CD27: 50 | CE27: 50 | CF27: 50 | CG27: 50 | CH27: 50 | CI27: 50 | CJ27: 50 | CK27: 50 | CL27: 50 | CM27: 50 | CN27: 50 | CO27: 50 | CP27: 50 | CQ27: 50 | CT27: Wood | CU27: 50 | CV27: 50 | CW27: 50 | CX27: 50 | CY27: 50 | CZ27: 50 | DA27: 50 | DB27: 50 | DC27: 50 | DD27: 50 | DE27: 50 | DF27: 50 | DG27: 50 | DH27: 50 | DI27: 50 | DJ27: 50 | DK27: 50 | DL27: 50 | DM27: 50 | DN27: 50 | DO27: 50 | DR27: Wood | DS27: 50 | DT27: 50 | DU27: 50 | DV27: 50 | DW27: 50 | DX27: 50 | DY27: 50 | DZ27: 50 | EA27: 50 | EB27: 50 | EC27: 50 | ED27: 50 | EE27: 50 | EF27: 50 | EG27: 50 | EH27: 50 | EI27: 50 | EJ27: 50 | EK27: 50 | EL27: 50 | EM27: 50 | EP27: Wood | EQ27: 50 | ER27: 50 | ES27: 50 | ET27: 50 | EU27: 50 | EV27: 50 | EW27: 50 | EX27: 50 | EY27: 50 | EZ27: 50 | FA27: 50 | FB27: 50 | FC27: 50 | FD27: 50 | FE27: 50 | FF27: 50 | FG27: 50 | FH27: 50 | FI27: 50 | FJ27: 50 | FK27: 50
B29: Dual Heating Systems Heating Oil/Wood | Z29: Dual Heating Systems Heating Oil/Wood | AX29: Dual Heating Systems Heating Oil/Wood | BV29: Dual Heating Systems Heating Oil/Wood | CT29: Dual Heating Systems Heating Oil/Wood | DR29: Dual Heating Systems Heating Oil/Wood | EP29: Dual Heating Systems Heating Oil/Wood
B30: Heating Oil | C30: 78 | D30: 78 | E30: 78 | F30: 78 | G30: 78 | H30: 78 | I30: 78 | J30: 78 | K30: 78 | L30: 78 | M30: 78 | N30: 78 | O30: 78 | P30: 78 | Q30: 78 | R30: 78 | S30: 78 | T30: 78 | U30: 78 | V30: 78 | W30: 78 | Z30: Heating Oil | AA30: 78 | AB30: 78 | AC30: 78 | AD30: 78 | AE30: 78 | AF30: 78 | AG30: 78 | AH30: 78 | AI30: 78 | AJ30: 78 | AK30: 78 | AL30: 78 | AM30: 78 | AN30: 78 | AO30: 78 | AP30: 78 | AQ30: 78 | AR30: 78 | AS30: 78 | AT30: 78 | AU30: 78 | AX30: Heating Oil | AY30: 78 | AZ30: 78 | BA30: 78 | BB30: 78 | BC30: 78 | BD30: 78 | BE30: 78 | BF30: 78 | BG30: 78 | BH30: 78 | BI30: 78 | BJ30: 78 | BK30: 78 | BL30: 78 | BM30: 78 | BN30: 78 | BO30: 78 | BP30: 78 | BQ30: 78 | BR30: 78 | BS30: 78 | BV30: Heating Oil | BW30: 78 | BX30: 78 | BY30: 78 | BZ30: 78 | CA30: 78 | CB30: 78 | CC30: 78 | CD30: 78 | CE30: 78 | CF30: 78 | CG30: 78 | CH30: 78 | CI30: 78 | CJ30: 78 | CK30: 78 | CL30: 78 | CM30: 78 | CN30: 78 | CO30: 78 | CP30: 78 | CQ30: 78 | CT30: Heating Oil | CU30: 78 | CV30: 78 | CW30: 78 | CX30: 78 | CY30: 78 | CZ30: 78 | DA30: 78 | DB30: 78 | DC30: 78 | DD30: 78 | DE30: 78 | DF30: 78 | DG30: 78 | DH30: 78 | DI30: 78 | DJ30: 78 | DK30: 78 | DL30: 78 | DM30: 78 | DN30: 78 | DO30: 78 | DR30: Heating Oil | DS30: 78 | DT30: 78 | DU30: 78 | DV30: 78 | DW30: 78 | DX30: 78 | DY30: 78 | DZ30: 78 | EA30: 78 | EB30: 78 | EC30: 78 | ED30: 78 | EE30: 78 | EF30: 78 | EG30: 78 | EH30: 78 | EI30: 78 | EJ30: 78 | EK30: 78 | EL30: 78 | EM30: 78 | EP30: Heating Oil | EQ30: 78 | ER30: 78 | ES30: 78 | ET30: 78 | EU30: 78 | EV30: 78 | EW30: 78 | EX30: 78 | EY30: 78 | EZ30: 78 | FA30: 78 | FB30: 78 | FC30: 78 | FD30: 78 | FE30: 78 | FF30: 78 | FG30: 78 | FH30: 78 | FI30: 78 | FJ30: 78 | FK30: 78
B31: Wood | C31: 57 | D31: 57 | E31: 57 | F31: 57 | G31: 57 | H31: 57 | I31: 57 | J31: 57 | K31: 57 | L31: 57 | M31: 57 | N31: 57 | O31: 57 | P31: 57 | Q31: 57 | R31: 57 | S31: 57 | T31: 57 | U31: 57 | V31: 57 | W31: 57 | Z31: Wood | AA31: 57 | AB31: 57 | AC31: 57 | AD31: 57 | AE31: 57 | AF31: 57 | AG31: 57 | AH31: 57 | AI31: 57 | AJ31: 57 | AK31: 57 | AL31: 57 | AM31: 57 | AN31: 57 | AO31: 57 | AP31: 57 | AQ31: 57 | AR31: 57 | AS31: 57 | AT31: 57 | AU31: 57 | AX31: Wood | AY31: 57 | AZ31: 57 | BA31: 57 | BB31: 57 | BC31: 57 | BD31: 57 | BE31: 57 | BF31: 57 | BG31: 57 | BH31: 57 | BI31: 57 | BJ31: 57 | BK31: 57 | BL31: 57 | BM31: 57 | BN31: 57 | BO31: 57 | BP31: 57 | BQ31: 57 | BR31: 57 | BS31: 57 | BV31: Wood | BW31: 57 | BX31: 57 | BY31: 57 | BZ31: 57 | CA31: 57 | CB31: 57 | CC31: 57 | CD31: 57 | CE31: 57 | CF31: 57 | CG31: 57 | CH31: 57 | CI31: 57 | CJ31: 57 | CK31: 57 | CL31: 57 | CM31: 57 | CN31: 57 | CO31: 57 | CP31: 57 | CQ31: 57 | CT31: Wood | CU31: 57 | CV31: 57 | CW31: 57 | CX31: 57 | CY31: 57 | CZ31: 57 | DA31: 57 | DB31: 57 | DC31: 57 | DD31: 57 | DE31: 57 | DF31: 57 | DG31: 57 | DH31: 57 | DI31: 57 | DJ31: 57 | DK31: 57 | DL31: 57 | DM31: 57 | DN31: 57 | DO31: 57 | DR31: Wood | DS31: 57 | DT31: 57 | DU31: 57 | DV31: 57 | DW31: 57 | DX31: 57 | DY31: 57 | DZ31: 57 | EA31: 57 | EB31: 57 | EC31: 57 | ED31: 57 | EE31: 57 | EF31: 57 | EG31: 57 | EH31: 57 | EI31: 57 | EJ31: 57 | EK31: 57 | EL31: 57 | EM31: 57 | EP31: Wood | EQ31: 57 | ER31: 57 | ES31: 57 | ET31: 57 | EU31: 57 | EV31: 57 | EW31: 57 | EX31: 57 | EY31: 57 | EZ31: 57 | FA31: 57 | FB31: 57 | FC31: 57 | FD31: 57 | FE31: 57 | FF31: 57 | FG31: 57 | FH31: 57 | FI31: 57 | FJ31: 57 | FK31: 57
B33: Dual Heating Systems Electric/Natural Gas | Z33: Dual Heating Systems Electric/Natural Gas | AX33: Dual Heating Systems Electric/Natural Gas | BV33: Dual Heating Systems Electric/Natural Gas | CT33: Dual Heating Systems Electric/Natural Gas | DR33: Dual Heating Systems Electric/Natural Gas | EP33: Dual Heating Systems Electric/Natural Gas
B34: Electricity | C34: 100 | D34: 100 | E34: 100 | F34: 100 | G34: 100 | H34: 100 | I34: 100 | J34: 100 | K34: 100 | L34: 100 | M34: 100 | N34: 100 | O34: 100 | P34: 100 | Q34: 100 | R34: 100 | S34: 100 | T34: 100 | U34: 100 | V34: 100 | W34: 100 | Z34: Electricity | AA34: 100 | AB34: 100 | AC34: 100 | AD34: 100 | AE34: 100 | AF34: 100 | AG34: 100 | AH34: 100 | AI34: 100 | AJ34: 100 | AK34: 100 | AL34: 100 | AM34: 100 | AN34: 100 | AO34: 100 | AP34: 100 | AQ34: 100 | AR34: 100 | AS34: 100 | AT34: 100 | AU34: 100 | AX34: Electricity | AY34: 100 | AZ34: 100 | BA34: 100 | BB34: 100 | BC34: 100 | BD34: 100 | BE34: 100 | BF34: 100 | BG34: 100 | BH34: 100 | BI34: 100 | BJ34: 100 | BK34: 100 | BL34: 100 | BM34: 100 | BN34: 100 | BO34: 100 | BP34: 100 | BQ34: 100 | BR34: 100 | BS34: 100 | BV34: Electricity | BW34: 100 | BX34: 100 | BY34: 100 | BZ34: 100 | CA34: 100 | CB34: 100 | CC34: 100 | CD34: 100 | CE34: 100 | CF34: 100 | CG34: 100 | CH34: 100 | CI34: 100 | CJ34: 100 | CK34: 100 | CL34: 100 | CM34: 100 | CN34: 100 | CO34: 100 | CP34: 100 | CQ34: 100 | CT34: Electricity | CU34: 100 | CV34: 100 | CW34: 100 | CX34: 100 | CY34: 100 | CZ34: 100 | DA34: 100 | DB34: 100 | DC34: 100 | DD34: 100 | DE34: 100 | DF34: 100 | DG34: 100 | DH34: 100 | DI34: 100 | DJ34: 100 | DK34: 100 | DL34: 100 | DM34: 100 | DN34: 100 | DO34: 100 | DR34: Electricity | DS34: 100 | DT34: 100 | DU34: 100 | DV34: 100 | DW34: 100 | DX34: 100 | DY34: 100 | DZ34: 100 | EA34: 100 | EB34: 100 | EC34: 100 | ED34: 100 | EE34: 100 | EF34: 100 | EG34: 100 | EH34: 100 | EI34: 100 | EJ34: 100 | EK34: 100 | EL34: 100 | EM34: 100 | EP34: Electricity | EQ34: 100 | ER34: 100 | ES34: 100 | ET34: 100 | EU34: 100 | EV34: 100 | EW34: 100 | EX34: 100 | EY34: 100 | EZ34: 100 | FA34: 100 | FB34: 100 | FC34: 100 | FD34: 100 | FE34: 100 | FF34: 100 | FG34: 100 | FH34: 100 | FI34: 100 | FJ34: 100 | FK34: 100
B35: Natural Gas | C35: 79 | D35: 80 | E35: 80 | F35: 80 | G35: 80 | H35: 80 | I35: 80 | J35: 80 | K35: 80 | L35: 80 | M35: 80 | N35: 80 | O35: 80 | P35: 80 | Q35: 80 | R35: 80 | S35: 80 | T35: 80 | U35: 80 | V35: 80 | W35: 80 | Z35: Natural Gas | AA35: 79 | AB35: 80 | AC35: 80 | AD35: 80 | AE35: 80 | AF35: 80 | AG35: 80 | AH35: 80 | AI35: 80 | AJ35: 80 | AK35: 80 | AL35: 80 | AM35: 80 | AN35: 80 | AO35: 80 | AP35: 80 | AQ35: 80 | AR35: 80 | AS35: 80 | AT35: 80 | AU35: 80 | AX35: Natural Gas | AY35: 79 | AZ35: 80 | BA35: 80 | BB35: 80 | BC35: 80 | BD35: 80 | BE35: 80 | BF35: 80 | BG35: 80 | BH35: 80 | BI35: 80 | BJ35: 80 | BK35: 80 | BL35: 80 | BM35: 80 | BN35: 80 | BO35: 80 | BP35: 80 | BQ35: 80 | BR35: 80 | BS35: 80 | BV35: Natural Gas | BW35: 79 | BX35: 80 | BY35: 80 | BZ35: 80 | CA35: 80 | CB35: 80 | CC35: 80 | CD35: 80 | CE35: 80 | CF35: 80 | CG35: 80 | CH35: 80 | CI35: 80 | CJ35: 80 | CK35: 80 | CL35: 80 | CM35: 80 | CN35: 80 | CO35: 80 | CP35: 80 | CQ35: 80 | CT35: Natural Gas | CU35: 79 | CV35: 80 | CW35: 80 | CX35: 80 | CY35: 80 | CZ35: 80 | DA35: 80 | DB35: 80 | DC35: 80 | DD35: 80 | DE35: 80 | DF35: 80 | DG35: 80 | DH35: 80 | DI35: 80 | DJ35: 80 | DK35: 80 | DL35: 80 | DM35: 80 | DN35: 80 | DO35: 80 | DR35: Natural Gas | DS35: 79 | DT35: 80 | DU35: 80 | DV35: 80 | DW35: 80 | DX35: 80 | DY35: 80 | DZ35: 80 | EA35: 80 | EB35: 80 | EC35: 80 | ED35: 80 | EE35: 80 | EF35: 80 | EG35: 80 | EH35: 80 | EI35: 80 | EJ35: 80 | EK35: 80 | EL35: 80 | EM35: 80 | EP35: Natural Gas | EQ35: 79 | ER35: 80 | ES35: 80 | ET35: 80 | EU35: 80 | EV35: 80 | EW35: 80 | EX35: 80 | EY35: 80 | EZ35: 80 | FA35: 80 | FB35: 80 | FC35: 80 | FD35: 80 | FE35: 80 | FF35: 80 | FG35: 80 | FH35: 80 | FI35: 80 | FJ35: 80 | FK35: 80
B37: Dual Heating Systems Electric/Heating Oil | Z37: Dual Heating Systems Electric/Heating Oil | AX37: Dual Heating Systems Electric/Heating Oil | BV37: Dual Heating Systems Electric/Heating Oil | CT37: Dual Heating Systems Electric/Heating Oil | DR37: Dual Heating Systems Electric/Heating Oil | EP37: Dual Heating Systems Electric/Heating Oil
B38: Electricity | C38: 100 | D38: 100 | E38: 100 | F38: 100 | G38: 100 | H38: 100 | I38: 100 | J38: 100 | K38: 100 | L38: 100 | M38: 100 | N38: 100 | O38: 100 | P38: 100 | Q38: 100 | R38: 100 | S38: 100 | T38: 100 | U38: 100 | V38: 100 | W38: 100 | Z38: Electricity | AA38: 100 | AB38: 100 | AC38: 100 | AD38: 100 | AE38: 100 | AF38: 100 | AG38: 100 | AH38: 100 | AI38: 100 | AJ38: 100 | AK38: 100 | AL38: 100 | AM38: 100 | AN38: 100 | AO38: 100 | AP38: 100 | AQ38: 100 | AR38: 100 | AS38: 100 | AT38: 100 | AU38: 100 | AX38: Electricity | AY38: 100 | AZ38: 100 | BA38: 100 | BB38: 100 | BC38: 100 | BD38: 100 | BE38: 100 | BF38: 100 | BG38: 100 | BH38: 100 | BI38: 100 | BJ38: 100 | BK38: 100 | BL38: 100 | BM38: 100 | BN38: 100 | BO38: 100 | BP38: 100 | BQ38: 100 | BR38: 100 | BS38: 100 | BV38: Electricity | BW38: 100 | BX38: 100 | BY38: 100 | BZ38: 100 | CA38: 100 | CB38: 100 | CC38: 100 | CD38: 100 | CE38: 100 | CF38: 100 | CG38: 100 | CH38: 100 | CI38: 100 | CJ38: 100 | CK38: 100 | CL38: 100 | CM38: 100 | CN38: 100 | CO38: 100 | CP38: 100 | CQ38: 100 | CT38: Electricity | CU38: 100 | CV38: 100 | CW38: 100 | CX38: 100 | CY38: 100 | CZ38: 100 | DA38: 100 | DB38: 100 | DC38: 100 | DD38: 100 | DE38: 100 | DF38: 100 | DG38: 100 | DH38: 100 | DI38: 100 | DJ38: 100 | DK38: 100 | DL38: 100 | DM38: 100 | DN38: 100 | DO38: 100 | DR38: Electricity | DS38: 100 | DT38: 100 | DU38: 100 | DV38: 100 | DW38: 100 | DX38: 100 | DY38: 100 | DZ38: 100 | EA38: 100 | EB38: 100 | EC38: 100 | ED38: 100 | EE38: 100 | EF38: 100 | EG38: 100 | EH38: 100 | EI38: 100 | EJ38: 100 | EK38: 100 | EL38: 100 | EM38: 100 | EP38: Electricity | EQ38: 100 | ER38: 100 | ES38: 100 | ET38: 100 | EU38: 100 | EV38: 100 | EW38: 100 | EX38: 100 | EY38: 100 | EZ38: 100 | FA38: 100 | FB38: 100 | FC38: 100 | FD38: 100 | FE38: 100 | FF38: 100 | FG38: 100 | FH38: 100 | FI38: 100 | FJ38: 100 | FK38: 100
B39: Heating Oil | C39: 78 | D39: 78 | E39: 78 | F39: 78 | G39: 78 | H39: 78 | I39: 78 | J39: 78 | K39: 78 | L39: 78 | M39: 78 | N39: 78 | O39: 78 | P39: 78 | Q39: 78 | R39: 78 | S39: 78 | T39: 78 | U39: 78 | V39: 78 | W39: 78 | Z39: Heating Oil | AA39: 78 | AB39: 78 | AC39: 78 | AD39: 78 | AE39: 78 | AF39: 78 | AG39: 78 | AH39: 78 | AI39: 78 | AJ39: 78 | AK39: 78 | AL39: 78 | AM39: 78 | AN39: 78 | AO39: 78 | AP39: 78 | AQ39: 78 | AR39: 78 | AS39: 78 | AT39: 78 | AU39: 78 | AX39: Heating Oil | AY39: 78 | AZ39: 78 | BA39: 78 | BB39: 78 | BC39: 78 | BD39: 78 | BE39: 78 | BF39: 78 | BG39: 78 | BH39: 78 | BI39: 78 | BJ39: 78 | BK39: 78 | BL39: 78 | BM39: 78 | BN39: 78 | BO39: 78 | BP39: 78 | BQ39: 78 | BR39: 78 | BS39: 78 | BV39: Heating Oil | BW39: 78 | BX39: 78 | BY39: 78 | BZ39: 78 | CA39: 78 | CB39: 78 | CC39: 78 | CD39: 78 | CE39: 78 | CF39: 78 | CG39: 78 | CH39: 78 | CI39: 78 | CJ39: 78 | CK39: 78 | CL39: 78 | CM39: 78 | CN39: 78 | CO39: 78 | CP39: 78 | CQ39: 78 | CT39: Heating Oil | CU39: 78 | CV39: 78 | CW39: 78 | CX39: 78 | CY39: 78 | CZ39: 78 | DA39: 78 | DB39: 78 | DC39: 78 | DD39: 78 | DE39: 78 | DF39: 78 | DG39: 78 | DH39: 78 | DI39: 78 | DJ39: 78 | DK39: 78 | DL39: 78 | DM39: 78 | DN39: 78 | DO39: 78 | DR39: Heating Oil | DS39: 78 | DT39: 78 | DU39: 78 | DV39: 78 | DW39: 78 | DX39: 78 | DY39: 78 | DZ39: 78 | EA39: 78 | EB39: 78 | EC39: 78 | ED39: 78 | EE39: 78 | EF39: 78 | EG39: 78 | EH39: 78 | EI39: 78 | EJ39: 78 | EK39: 78 | EL39: 78 | EM39: 78 | EP39: Heating Oil | EQ39: 78 | ER39: 78 | ES39: 78 | ET39: 78 | EU39: 78 | EV39: 78 | EW39: 78 | EX39: 78 | EY39: 78 | EZ39: 78 | FA39: 78 | FB39: 78 | FC39: 78 | FD39: 78 | FE39: 78 | FF39: 78 | FG39: 78 | FH39: 78 | FI39: 78 | FJ39: 78 | FK39: 78
A41: 1) “Other” includes coal and propane. | Y41: 1) “Other” includes coal and propane. | AW41: 1) “Other” includes coal and propane. | BU41: 1) “Other” includes coal and propane. | CS41: 1) “Other” includes coal and propane. | DQ41: 1) “Other” includes coal and propane. | EO41: 1) “Other” includes coal and propane.

Sheet attached_space_heating_byenergy
A2: Back to main menu | BU2: Back to Main Menu | CS2: Back to Main Menu | DQ2: Back to Main Menu | EO2: Back to main menu
A5: Residential Sector | BU5: Residential Sector | CS5: Residential Sector | DQ5: Residential Sector | EO5: Residential Sector
A7: Atlantic1 | BU7: Manitoba1 | CS7: Saskatchewan1 | DQ7: Alberta1 | EO7: British Columbia and Territories1
A8: Table 5: Space Heating Secondary Energy Use and GHG Emissions by Energy Source | BU8: Table 5: Space Heating Secondary Energy Use and GHG Emissions by Energy Source | CS8: Table 5: Space Heating Secondary Energy Use and GHG Emissions by Energy Source | DQ8: Table 5: Space Heating Secondary Energy Use and GHG Emissions by Energy Source | EO8: Table 5: Space Heating Secondary Energy Use and GHG Emissions by Energy Source
C11: 2000 | D11: 2001 | E11: 2002 | F11: 2003 | G11: 2004 | H11: 2005 | I11: 2006 | J11: 2007 | K11: 2008 | L11: 2009 | M11: 2010 | N11: 2011 | O11: 2012 | P11: 2013 | Q11: 2014 | R11: 2015 | S11: 2016 | T11: 2017 | U11: 2018 | V11: 2019 | W11: 2020 | AA11: 2000 | AB11: 2001 | AC11: 2002 | AD11: 2003 | AE11: 2004 | AF11: 2005 | AG11: 2006 | AH11: 2007 | AI11: 2008 | AJ11: 2009 | AK11: 2010 | AL11: 2011 | AM11: 2012 | AN11: 2013 | AO11: 2014 | AP11: 2015 | AQ11: 2016 | AR11: 2017 | AS11: 2018 | AT11: 2019 | AU11: 2020 | AY11: 2000 | AZ11: 2001 | BA11: 2002 | BB11: 2003 | BC11: 2004 | BD11: 2005 | BE11: 2006 | BF11: 2007 | BG11: 2008 | BH11: 2009 | BI11: 2010 | BJ11: 2011 | BK11: 2012 | BL11: 2013 | BM11: 2014 | BN11: 2015 | BO11: 2016 | BP11: 2017 | BQ11: 2018 | BR11: 2019 | BS11: 2020 | BW11: 2000 | BX11: 2001 | BY11: 2002 | BZ11: 2003 | CA11: 2004 | CB11: 2005 | CC11: 2006 | CD11: 2007 | CE11: 2008 | CF11: 2009 | CG11: 2010 | CH11: 2011 | CI11: 2012 | CJ11: 2013 | CK11: 2014 | CL11: 2015 | CM11: 2016 | CN11: 2017 | CO11: 2018 | CP11: 2019 | CQ11: 2020 | CU11: 2000 | CV11: 2001 | CW11: 2002 | CX11: 2003 | CY11: 2004 | CZ11: 2005 | DA11: 2006 | DB11: 2007 | DC11: 2008 | DD11: 2009 | DE11: 2010 | DF11: 2011 | DG11: 2012 | DH11: 2013 | DI11: 2014 | DJ11: 2015 | DK11: 2016 | DL11: 2017 | DM11: 2018 | DN11: 2019 | DO11: 2020 | DS11: 2000 | DT11: 2001 | DU11: 2002 | DV11: 2003 | DW11: 2004 | DX11: 2005 | DY11: 2006 | DZ11: 2007 | EA11: 2008 | EB11: 2009 | EC11: 2010 | ED11: 2011 | EE11: 2012 | EF11: 2013 | EG11: 2014 | EH11: 2015 | EI11: 2016 | EJ11: 2017 | EK11: 2018 | EL11: 2019 | EM11: 2020 | EQ11: 2000 | ER11: 2001 | ES11: 2002 | ET11: 2003 | EU11: 2004 | EV11: 2005 | EW11: 2006 | EX11: 2007 | EY11: 2008 | EZ11: 2009 | FA11: 2010 | FB11: 2011 | FC11: 2012 | FD11: 2013 | FE11: 2014 | FF11: 2015 | FG11: 2016 | FH11: 2017 | FI11: 2018 | FJ11: 2019 | FK11: 2020
B13: Total Space Heating Energy Use (PJ) | C13: 65.146666 | D13: 64.825826 | E13: 68.175058 | F13: 63.494522 | G13: 66.902198 | H13: 63.182596 | I13: 61.556603 | J13: 74.225227 | K13: 76.401168 | L13: 78.360298 | M13: 75.947875 | N13: 85.82098 | O13: 75.535043 | P13: 73.520144 | Q13: 77.575519 | R13: 81.673689 | S13: 73.181452 | T13: 74.238799 | U13: 73.005947 | V13: 70.477778 | W13: 65.090265 | Z13: Total Space Heating Energy Use (PJ) | AA13: 190.96233 | AB13: 172.00893 | AC13: 182.78155 | AD13: 195.48706 | AE13: 215.14576 | AF13: 202.16729 | AG13: 190.87124 | AH13: 219.13324 | AI13: 214.1021 | AJ13: 217.479 | AK13: 193.29373 | AL13: 201.5994 | AM13: 194.46451 | AN13: 211.32858 | AO13: 224.98698 | AP13: 218.16472 | AQ13: 211.0666 | AR13: 211.81204 | AS13: 218.32438 | AT13: 221.68734 | AU13: 202.14302 | AX13: Total Space Heating Energy Use (PJ) | AY13: 344.74176 | AZ13: 316.39127 | BA13: 332.69486 | BB13: 365.83645 | BC13: 352.28206 | BD13: 359.02979 | BE13: 324.91722 | BF13: 367.27056 | BG13: 376.66456 | BH13: 358.11449 | BI13: 337.04956 | BJ13: 365.51365 | BK13: 322.33339 | BL13: 374.39162 | BM13: 386.50565 | BN13: 379.52621 | BO13: 342.54088 | BP13: 358.30311 | BQ13: 401.79915 | BR13: 353.12348 | BS13: 314.63171 | BV13: Total Space Heating Energy Use (PJ) | BW13: 28.323867 | BX13: 25.354251 | BY13: 27.111292 | BZ13: 26.350578 | CA13: 27.650921 | CB13: 25.028639 | CC13: 21.584314 | CD13: 27.091577 | CE13: 29.687997 | CF13: 29.272294 | CG13: 26.338488 | CH13: 28.258157 | CI13: 26.055964 | CJ13: 33.973219 | CK13: 34.855787 | CL13: 28.457743 | CM13: 29.104348 | CN13: 30.324488 | CO13: 34.267684 | CP13: 34.925033 | CQ13: 32.312345 | CT13: Total Space Heating Energy Use (PJ) | CU13: 32.450563 | CV13: 30.99488 | CW13: 33.313138 | CX13: 29.460669 | CY13: 28.66999 | CZ13: 26.681063 | DA13: 27.72414 | DB13: 27.271131 | DC13: 28.764037 | DD13: 30.440152 | DE13: 31.614613 | DF13: 29.863712 | DG13: 29.554059 | DH13: 32.178332 | DI13: 32.95701 | DJ13: 29.388049 | DK13: 28.388937 | DL13: 31.1562 | DM13: 35.301785 | DN13: 37.005479 | DO13: 32.769116 | DR13: Total Space Heating Energy Use (PJ) | DS13: 129.35429 | DT13: 109.8975 | DU13: 125.59712 | DV13: 126.55196 | DW13: 124.98206 | DX13: 112.28197 | DY13: 115.00747 | DZ13: 138.0238 | EA13: 135.82563 | EB13: 135.90554 | EC13: 126.42085 | ED13: 134.48242 | EE13: 133.46156 | EF13: 136.7743 | EG13: 138.35085 | EH13: 129.94051 | EI13: 112.76095 | EJ13: 137.75182 | EK13: 147.70812 | EL13: 147.57737 | EM13: 141.8275 | EP13: Total Space Heating Energy Use (PJ) | EQ13: 92.6651 | ER13: 89.340843 | ES13: 87.213264 | ET13: 79.849333 | EU13: 77.680391 | EV13: 84.815904 | EW13: 86.575235 | EX13: 88.0777 | EY13: 91.467845 | EZ13: 88.717594 | FA13: 74.920754 | FB13: 90.340774 | FC13: 84.378203 | FD13: 83.132431 | FE13: 79.815342 | FF13: 73.772087 | FG13: 75.84998 | FH13: 82.272447 | FI13: 80.901089 | FJ13: 85.704981 | FK13: 83.890948
B14: Energy Use by Energy Source (PJ) | Z14: Energy Use by Energy Source (PJ) | AX14: Energy Use by Energy Source (PJ) | BV14: Energy Use by Energy Source (PJ) | CT14: Energy Use by Energy Source (PJ) | DR14: Energy Use by Energy Source (PJ) | EP14: Energy Use by Energy Source (PJ)
B15: Electricity | C15: 17.738134 | D15: 18.471698 | E15: 19.659295 | F15: 20.164207 | G15: 21.412929 | H15: 20.927076 | I15: 19.879085 | J15: 22.268948 | K15: 23.079972 | L15: 24.358717 | M15: 22.657398 | N15: 25.062071 | O15: 23.090821 | P15: 25.619464 | Q15: 28.377937 | R15: 29.615265 | S15: 28.195924 | T15: 29.704704 | U15: 29.338382 | V15: 29.919658 | W15: 28.21721 | Z15: Electricity | AA15: 87.623237 | AB15: 81.552605 | AC15: 88.507681 | AD15: 100.21234 | AE15: 103.10143 | AF15: 99.097617 | AG15: 95.07033 | AH15: 108.45252 | AI15: 110.80774 | AJ15: 115.33576 | AK15: 105.45423 | AL15: 114.51512 | AM15: 111.38295 | AN15: 124.03091 | AO15: 134.90284 | AP15: 128.72679 | AQ15: 122.48874 | AR15: 128.92907 | AS15: 135.45876 | AT15: 140.35852 | AU15: 131.6704 | AX15: Electricity | AY15: 47.951581 | AZ15: 44.716037 | BA15: 45.225565 | BB15: 50.945953 | BC15: 52.504876 | BD15: 48.699947 | BE15: 44.740776 | BF15: 49.104843 | BG15: 52.159277 | BH15: 55.060111 | BI15: 52.648488 | BJ15: 53.092387 | BK15: 49.734126 | BL15: 58.49917 | BM15: 62.416389 | BN15: 58.690389 | BO15: 51.90285 | BP15: 55.36228 | BQ15: 53.763083 | BR15: 57.623006 | BS15: 52.483047 | BV15: Electricity | BW15: 7.039159 | BX15: 6.805447 | BY15: 7.609962 | BZ15: 7.679894 | CA15: 8.586411 | CB15: 8.365507 | CC15: 7.275162 | CD15: 10.443444 | CE15: 11.57191 | CF15: 11.909155 | CG15: 10.81233 | CH15: 11.427576 | CI15: 10.215782 | CJ15: 13.796211 | CK15: 14.442801 | CL15: 11.965242 | CM15: 11.889633 | CN15: 12.015888 | CO15: 13.688833 | CP15: 14.121143 | CQ15: 13.043254 | CT15: Electricity | CU15: 1.574351 | CV15: 1.459147 | CW15: 1.650708 | CX15: 1.660111 | CY15: 1.726986 | CZ15: 1.720973 | DA15: 1.707507 | DB15: 1.940336 | DC15: 2.110369 | DD15: 2.464978 | DE15: 2.336425 | DF15: 2.496224 | DG15: 2.629952 | DH15: 3.060627 | DI15: 3.433742 | DJ15: 3.100544 | DK15: 3.168286 | DL15: 3.441147 | DM15: 3.893854 | DN15: 4.026774 | DO15: 3.896305 | DR15: Electricity | DS15: 3.948681 | DT15: 4.035577 | DU15: 4.642872 | DV15: 4.531379 | DW15: 4.789091 | DX15: 4.770672 | DY15: 5.461462 | DZ15: 6.230639 | EA15: 6.706874 | EB15: 7.627285 | EC15: 7.274774 | ED15: 7.820508 | EE15: 8.118752 | EF15: 9.035417 | EG15: 10.111194 | EH15: 9.63578 | EI15: 9.986869 | EJ15: 10.694707 | EK15: 11.878992 | EL15: 13.211089 | EM15: 13.30676 | EP15: Electricity | EQ15: 19.380526 | ER15: 19.223126 | ES15: 19.806864 | ET15: 18.561403 | EU15: 19.526367 | EV15: 20.800229 | EW15: 21.875486 | EX15: 23.365983 | EY15: 26.369169 | EZ15: 25.783905 | FA15: 24.142398 | FB15: 27.509498 | FC15: 27.226356 | FD15: 27.643254 | FE15: 27.584608 | FF15: 24.856567 | FG15: 25.693613 | FH15: 27.484992 | FI15: 27.90414 | FJ15: 29.838116 | FK15: 29.175814
B16: Natural Gas | C16: 0 | D16: 0 | E16: 0 | F16: 0.57 | G16: 0.764 | H16: 0.670336 | I16: 0.523357 | J16: 0.331586 | K16: 0.353011 | L16: 0.667597 | M16: 0.478404 | N16: 0.433194 | O16: 0.445707 | P16: 0.619155 | Q16: 0.5853 | R16: 0.653556 | S16: 0.652633 | T16: 0.684696 | U16: 0.736127 | V16: 0.776662 | W16: 0.710633 | Z16: Natural Gas | AA16: 20.704921 | AB16: 16.733895 | AC16: 18.688239 | AD16: 20.204256 | AE16: 19.648197 | AF16: 18.834582 | AG16: 16.419212 | AH16: 17.872108 | AI16: 18.168598 | AJ16: 19.4122 | AK16: 15.945277 | AL16: 16.19341 | AM16: 16.354333 | AN16: 17.409057 | AO16: 17.800338 | AP16: 17.822182 | AQ16: 18.31475 | AR16: 19.69609 | AS16: 20.913379 | AT16: 23.088918 | AU16: 20.242385 | AX16: Natural Gas | AY16: 239.17239 | AZ16: 221.59721 | BA16: 235.42189 | BB16: 264.50232 | BC16: 251.53513 | BD16: 254.86239 | BE16: 228.74615 | BF16: 263.4958 | BG16: 270.92619 | BH16: 248.28912 | BI16: 230.7202 | BJ16: 259.79229 | BK16: 223.33083 | BL16: 264.39851 | BM16: 274.08961 | BN16: 274.02431 | BO16: 245.12281 | BP16: 256.97135 | BQ16: 306.49752 | BR16: 259.20817 | BS16: 229.10081 | BV16: Natural Gas | BW16: 18.514419 | BX16: 16.270917 | BY16: 17.352941 | BZ16: 16.831569 | CA16: 17.074354 | CB16: 14.844776 | CC16: 12.481038 | CD16: 14.552106 | CE16: 15.880896 | CF16: 15.200348 | CG16: 13.58915 | CH16: 14.944448 | CI16: 14.014621 | CJ16: 17.792393 | CK16: 18.305702 | CL16: 14.648456 | CM16: 15.395617 | CN16: 16.135641 | CO16: 17.917307 | CP16: 18.064867 | CQ16: 16.703523 | CT16: Natural Gas | CU16: 28.100355 | CV16: 26.959619 | CW16: 28.728074 | CX16: 25.124606 | CY16: 23.902524 | CZ16: 22.240154 | DA16: 23.369393 | DB16: 22.875185 | DC16: 24.098469 | DD16: 25.281276 | DE16: 26.655409 | DF16: 25.4854 | DG16: 24.757766 | DH16: 27.40947 | DI16: 27.800212 | DJ16: 24.839543 | DK16: 23.772165 | DL16: 26.225644 | DM16: 29.93657 | DN16: 31.568617 | DO16: 27.765747 | DR16: Natural Gas | DS16: 120.72279 | DT16: 101.54071 | DU16: 117.23983 | DV16: 119.19722 | DW16: 117.38369 | DX16: 104.92458 | DY16: 106.79647 | DZ16: 128.57224 | EA16: 125.87493 | EB16: 125.09202 | EC16: 115.99391 | ED16: 123.27694 | EE16: 121.79908 | EF16: 124.57521 | EG16: 125.31464 | EH16: 117.83215 | EI16: 99.053982 | EJ16: 121.59715 | EK16: 130.82022 | EL16: 130.39381 | EM16: 124.78285 | EP16: Natural Gas | EQ16: 52.036399 | ER16: 49.44989 | ES16: 51.281154 | ET16: 46.775391 | EU16: 44.252228 | EV16: 48.811803 | EW16: 50.992025 | EX16: 50.883626 | EY16: 52.036326 | EZ16: 51.089465 | FA16: 40.818848 | FB16: 52.957339 | FC16: 48.416586 | FD16: 47.41372 | FE16: 44.913981 | FF16: 42.697727 | FG16: 43.593392 | FH16: 46.996993 | FI16: 44.980593 | FJ16: 47.948305 | FK16: 47.33359
B17: Heating Oil | C17: 32.428074 | D17: 33.086893 | E17: 35.863553 | F17: 31.532829 | G17: 31.769011 | H17: 27.729768 | I17: 26.874784 | J17: 33.680616 | K17: 34.706996 | L17: 33.97327 | M17: 35.17806 | N17: 40.8711 | O17: 32.950774 | P17: 25.765401 | Q17: 26.099134 | R17: 26.758219 | S17: 23.71799 | T17: 25.394163 | U17: 25.853381 | V17: 25.095476 | W17: 22.63857 | Z17: Heating Oil | AA17: 46.123835 | AB17: 41.995844 | AC17: 43.803348 | AD17: 43.439171 | AE17: 56.776845 | AF17: 46.443348 | AG17: 41.580959 | AH17: 46.313965 | AI17: 38.71312 | AJ17: 35.13253 | AK17: 29.264313 | AL17: 25.210937 | AM17: 21.566784 | AN17: 19.721934 | AO17: 19.898581 | AP17: 19.044142 | AQ17: 21.09333 | AR17: 16.116613 | AS17: 15.866567 | AT17: 15.222925 | AU17: 11.754133 | AX17: Heating Oil | AY17: 31.1403 | AZ17: 27.776867 | BA17: 30.538785 | BB17: 28.875298 | BC17: 26.49343 | BD17: 31.71198 | BE17: 27.816722 | BF17: 27.27289 | BG17: 23.992461 | BH17: 25.431917 | BI17: 25.177108 | BJ17: 20.845507 | BK17: 17.478193 | BL17: 19.325008 | BM17: 17.45695 | BN17: 16.111381 | BO17: 11.991228 | BP17: 10.440194 | BQ17: 10.541543 | BR17: 8.929679 | BS17: 7.453821 | BV17: Heating Oil | BW17: 0.528893 | BX17: 0.305823 | BY17: 0.227389 | BZ17: 0.209799 | CA17: 0.160016 | CB17: 0.154534 | CC17: 0.161204 | CD17: 0.180834 | CE17: 0.171888 | CF17: 0.139804 | CG17: 0.297471 | CH17: 0.13958 | CI17: 0.137432 | CJ17: 0.352138 | CK17: 0.226815 | CL17: 0.181257 | CM17: 0.098665 | CN17: 0.147146 | CO17: 0.175047 | CP17: 0.140487 | CQ17: 0.140183 | CT17: Heating Oil | CU17: 0.390043 | CV17: 0.248648 | CW17: 0.311628 | CX17: 0.329769 | CY17: 0.63051 | CZ17: 0.668566 | DA17: 0.58248 | DB17: 0.411629 | DC17: 0.360697 | DD17: 0.627861 | DE17: 0.524554 | DF17: 0.334574 | DG17: 0.5634 | DH17: 0.263861 | DI17: 0.248655 | DJ17: 0.262865 | DK17: 0.304688 | DL17: 0.347291 | DM17: 0.200891 | DN17: 0.20483 | DO17: 0.13463 | DR17: Heating Oil | DS17: 0.240986 | DT17: 0.073021 | DU17: 0.084482 | DV17: 0.04285 | DW17: 0.040724 | DX17: 0.066101 | DY17: 0.04758 | DZ17: 0.040502 | EA17: 0.05798 | EB17: 0.071986 | EC17: 0.064107 | ED17: 0.073695 | EE17: 0.0273 | EF17: 0.037703 | EG17: 0.027158 | EH17: 0.020466 | EI17: 0.004095 | EJ17: 0.002625 | EK17: 0.003333 | EL17: 0.021418 | EM17: 0.012481 | EP17: Heating Oil | EQ17: 6.82028 | ER17: 6.969929 | ES17: 2.65283 | ET17: 2.20564 | EU17: 3.270738 | EV17: 4.305875 | EW17: 4.466908 | EX17: 4.660127 | EY17: 3.610987 | EZ17: 3.359904 | FA17: 2.458125 | FB17: 2.02763 | FC17: 1.679543 | FD17: 1.478475 | FE17: 1.380013 | FF17: 1.239241 | FG17: 0.936088 | FH17: 0.671477 | FI17: 0.838633 | FJ17: 0.608658 | FK17: 0.524911
B18: Other2 | C18: 1.620968 | D18: 1.55569 | E18: 1.437642 | F18: 1.426027 | G18: 1.275819 | H18: 1.561378 | I18: 1.688795 | J18: 1.745737 | K18: 1.946677 | L18: 1.847356 | M18: 1.687405 | N18: 1.463189 | O18: 1.194285 | P18: 1.144606 | Q18: 1.17544 | R18: 1.360062 | S18: 1.158503 | T18: 1.105237 | U18: 0.726582 | V18: 0.862075 | W18: 0.597215 | Z18: Other2 | AA18: 1.016144 | AB18: 1.017618 | AC18: 1.071216 | AD18: 0.885147 | AE18: 0.980685 | AF18: 1.417712 | AG18: 1.100207 | AH18: 1.342067 | AI18: 1.094755 | AJ18: 1.001341 | AK18: 1.229644 | AL18: 1.288932 | AM18: 1.417106 | AN18: 1.491925 | AO18: 1.472442 | AP18: 1.527844 | AQ18: 1.59128 | AR18: 1.54711 | AS18: 1.64456 | AT18: 1.74998 | AU18: 1.303963 | AX18: Other2 | AY18: 4.761943 | AZ18: 4.420474 | BA18: 4.328536 | BB18: 4.913589 | BC18: 4.894983 | BD18: 6.421708 | BE18: 7.398996 | BF18: 8.378584 | BG18: 9.127309 | BH18: 8.197043 | BI18: 8.682707 | BJ18: 10.351839 | BK18: 11.918818 | BL18: 8.439529 | BM18: 7.657762 | BN18: 7.510021 | BO18: 10.362144 | BP18: 10.602057 | BQ18: 7.816384 | BR18: 7.916247 | BS18: 7.932062 | BV18: Other2 | BW18: 0.29473 | BX18: 0.321888 | BY18: 0.269431 | BZ18: 0.267046 | CA18: 0.279574 | CB18: 0.218797 | CC18: 0.224937 | CD18: 0.274815 | CE18: 0.318147 | CF18: 0.277475 | CG18: 0.187567 | CH18: 0.185208 | CI18: 0.220218 | CJ18: 0.258775 | CK18: 0.202506 | CL18: 0.184526 | CM18: 0.141629 | CN18: 0.248171 | CO18: 0.309971 | CP18: 0.321208 | CQ18: 0.347646 | CT18: Other2 | CU18: 0.9454 | CV18: 1.082293 | CW18: 1.273417 | CX18: 1.092069 | CY18: 1.252095 | CZ18: 1.080208 | DA18: 1.288829 | DB18: 1.363942 | DC18: 1.418644 | DD18: 1.289613 | DE18: 1.421631 | DF18: 0.871501 | DG18: 0.927879 | DH18: 0.769738 | DI18: 0.800038 | DJ18: 0.611146 | DK18: 0.472722 | DL18: 0.274402 | DM18: 0.302876 | DN18: 0.331363 | DO18: 0.193962 | DR18: Other2 | DS18: 1.484047 | DT18: 2.116701 | DU18: 1.84961 | DV18: 1.661345 | DW18: 1.401398 | DX18: 1.005267 | DY18: 1.024626 | DZ18: 1.157463 | EA18: 1.266914 | EB18: 1.201187 | EC18: 1.458115 | ED18: 1.75129 | EE18: 2.130113 | EF18: 1.904415 | EG18: 1.756642 | EH18: 1.586451 | EI18: 1.382944 | EJ18: 1.376047 | EK18: 1.748791 | EL18: 1.743058 | EM18: 1.625596 | EP18: Other2 | EQ18: 1.163267 | ER18: 1.362967 | ES18: 1.330336 | ET18: 1.321586 | EU18: 1.06871 | EV18: 1.779975 | EW18: 1.246952 | EX18: 1.538186 | EY18: 1.786622 | EZ18: 1.297238 | FA18: 1.384627 | FB18: 1.317045 | FC18: 1.210292 | FD18: 1.135442 | FE18: 0.960639 | FF18: 0.882627 | FG18: 0.742196 | FH18: 0.766389 | FI18: 1.205241 | FJ18: 1.228603 | FK18: 0.977557
B19: Wood | C19: 13.35949 | D19: 11.711545 | E19: 11.214568 | F19: 9.801459 | G19: 11.680439 | H19: 12.294038 | I19: 12.590583 | J19: 16.198339 | K19: 16.314511 | L19: 17.513357 | M19: 15.946607 | N19: 17.991426 | O19: 17.853456 | P19: 20.371518 | Q19: 21.337707 | R19: 23.286586 | S19: 19.456401 | T19: 17.35 | U19: 16.351476 | V19: 13.823907 | W19: 12.926637 | Z19: Wood | AA19: 35.494193 | AB19: 30.708969 | AC19: 30.711064 | AD19: 30.746144 | AE19: 34.638603 | AF19: 36.374033 | AG19: 36.70053 | AH19: 45.152581 | AI19: 45.317889 | AJ19: 46.597172 | AK19: 41.400265 | AL19: 44.391001 | AM19: 43.743338 | AN19: 48.674748 | AO19: 50.912776 | AP19: 51.043763 | AQ19: 47.578492 | AR19: 45.523155 | AS19: 44.441123 | AT19: 41.266998 | AU19: 37.172142 | AX19: Wood | AY19: 21.715551 | AZ19: 17.880681 | BA19: 17.180075 | BB19: 16.599292 | BC19: 16.853638 | BD19: 17.333765 | BE19: 16.214584 | BF19: 19.018446 | BG19: 20.459322 | BH19: 21.136303 | BI19: 19.821054 | BJ19: 21.431626 | BK19: 19.871428 | BL19: 23.729407 | BM19: 24.884942 | BN19: 23.19011 | BO19: 23.161847 | BP19: 24.927233 | BQ19: 23.180617 | BR19: 19.446377 | BS19: 17.661978 | BV19: Wood | BW19: 1.946666 | BX19: 1.650176 | BY19: 1.65157 | BZ19: 1.362271 | CA19: 1.550566 | CB19: 1.445025 | CC19: 1.441973 | CD19: 1.640378 | CE19: 1.745156 | CF19: 1.745511 | CG19: 1.45197 | CH19: 1.561345 | CI19: 1.467911 | CJ19: 1.773701 | CK19: 1.677962 | CL19: 1.478263 | CM19: 1.578805 | CN19: 1.777642 | CO19: 2.176527 | CP19: 2.277327 | CQ19: 2.07774 | CT19: Wood | CU19: 1.440414 | CV19: 1.245173 | CW19: 1.349311 | CX19: 1.254115 | CY19: 1.157875 | CZ19: 0.971162 | DA19: 0.775932 | DB19: 0.680039 | DC19: 0.775859 | DD19: 0.776424 | DE19: 0.676594 | DF19: 0.676012 | DG19: 0.675061 | DH19: 0.674636 | DI19: 0.674363 | DJ19: 0.573952 | DK19: 0.671076 | DL19: 0.867715 | DM19: 0.967594 | DN19: 0.873895 | DO19: 0.778472 | DR19: Wood | DS19: 2.957789 | DT19: 2.131496 | DU19: 1.780319 | DV19: 1.119169 | DW19: 1.36716 | DX19: 1.515351 | DY19: 1.677331 | DZ19: 2.022958 | EA19: 1.918936 | EB19: 1.913056 | EC19: 1.629939 | ED19: 1.55999 | EE19: 1.386313 | EF19: 1.221559 | EG19: 1.141221 | EH19: 0.865666 | EI19: 2.33306 | EJ19: 4.081297 | EK19: 3.256784 | EL19: 2.207996 | EM19: 2.099815 | EP19: Wood | EQ19: 13.264628 | ER19: 12.334931 | ES19: 12.14208 | ET19: 10.985313 | EU19: 9.562348 | EV19: 9.118023 | EW19: 7.993864 | EX19: 7.629777 | EY19: 7.664742 | EZ19: 7.187082 | FA19: 6.116755 | FB19: 6.529263 | FC19: 5.845426 | FD19: 5.461541 | FE19: 4.976101 | FF19: 4.095924 | FG19: 4.884691 | FH19: 6.352596 | FI19: 5.972482 | FJ19: 6.081297 | FK19: 5.879076
B21: Shares (%) | Z21: Shares (%) | AX21: Shares (%) | BV21: Shares (%) | CT21: Shares (%) | DR21: Shares (%) | EP21: Shares (%)
B22: Electricity | C22: 27.227999 | D22: 28.494351 | E22: 28.836492 | F22: 31.757396 | G22: 32.006317 | H22: 33.121582 | I22: 32.293993 | J22: 30.001859 | K22: 30.208926 | L22: 31.085534 | M22: 29.832827 | N22: 29.202733 | O22: 30.569681 | P22: 34.846863 | Q22: 36.581047 | R22: 36.260472 | S22: 38.528785 | T22: 40.012371 | U22: 40.18629 | V22: 42.452613 | W22: 43.350892 | Z22: Electricity | AA22: 45.88509 | AB22: 47.411844 | AC22: 48.422656 | AD22: 51.262902 | AE22: 47.921664 | AF22: 49.017631 | AG22: 49.80862 | AH22: 49.491588 | AI22: 51.754625 | AJ22: 53.033055 | AK22: 54.556467 | AL22: 56.803305 | AM22: 57.276749 | AN22: 58.691028 | AO22: 59.960288 | AP22: 59.004403 | AQ22: 58.033221 | AR22: 60.869567 | AS22: 62.044722 | AT22: 63.313727 | AU22: 65.137246 | AX22: Electricity | AY22: 13.90942 | AZ22: 14.133145 | BA22: 13.593707 | BB22: 13.925882 | BC22: 14.904215 | BD22: 13.564319 | BE22: 13.7699 | BF22: 13.370209 | BG22: 13.847673 | BH22: 15.375002 | BI22: 15.6204 | BJ22: 14.525419 | BK22: 15.429406 | BL22: 15.625128 | BM22: 16.148894 | BN22: 15.46412 | BO22: 15.152308 | BP22: 15.451242 | BQ22: 13.380587 | BR22: 16.31809 | BS22: 16.680787 | BV22: Electricity | BW22: 24.852394 | BX22: 26.841442 | BY22: 28.069344 | BZ22: 29.145066 | CA22: 31.052895 | CB22: 33.423737 | CC22: 33.705784 | CD22: 38.548676 | CE22: 38.978411 | CF22: 40.684052 | CG22: 41.051444 | CH22: 40.43992 | CI22: 39.207078 | CJ22: 40.609079 | CK22: 41.435877 | CL22: 42.045645 | CM22: 40.85174 | CN22: 39.624373 | CO22: 39.946771 | CP22: 40.432728 | CQ22: 40.366163 | CT22: Electricity | CU22: 4.851536 | CV22: 4.707704 | CW22: 4.955126 | CX22: 5.635006 | CY22: 6.023671 | CZ22: 6.450168 | DA22: 6.158917 | DB22: 7.114982 | DC22: 7.33683 | DD22: 8.097785 | DE22: 7.390332 | DF22: 8.358721 | DG22: 8.898786 | DH22: 9.511454 | DI22: 10.418851 | DJ22: 10.550358 | DK22: 11.160285 | DL22: 11.044824 | DM22: 11.030189 | DN22: 10.881562 | DO22: 11.890175 | DR22: Electricity | DS22: 3.052609 | DT22: 3.672128 | DU22: 3.696639 | DV22: 3.580647 | DW22: 3.831823 | DX22: 4.248832 | DY22: 4.748789 | DZ22: 4.514177 | EA22: 4.937856 | EB22: 5.612196 | EC22: 5.75441 | ED22: 5.815264 | EE22: 6.083214 | EF22: 6.606078 | EG22: 7.308371 | EH22: 7.415532 | EI22: 8.856674 | EJ22: 7.76375 | EK22: 8.042206 | EL22: 8.951974 | EM22: 9.382355 | EP22: Electricity | EQ22: 20.91459 | ER22: 21.516615 | ES22: 22.710839 | ET22: 23.245533 | EU22: 25.136803 | EV22: 24.523972 | EW22: 25.267602 | EX22: 26.52883 | EY22: 28.828895 | EZ22: 29.062899 | FA22: 32.223912 | FB22: 30.450811 | FC22: 32.267048 | FD22: 33.25207 | FE22: 34.560534 | FF22: 33.693729 | FG22: 33.874252 | FH22: 33.407286 | FI22: 34.491675 | FJ22: 34.814915 | FK22: 34.778262
B23: Natural Gas | C23: 0 | D23: 0 | E23: 0 | F23: 0.897715 | G23: 1.141965 | H23: 1.060951 | I23: 0.850205 | J23: 0.44673 | K23: 0.46205 | L23: 0.851959 | M23: 0.629911 | N23: 0.504764 | O23: 0.590066 | P23: 0.842157 | Q23: 0.754491 | R23: 0.800203 | S23: 0.891801 | T23: 0.922288 | U23: 1.008311 | V23: 1.101995 | W23: 1.091765 | Z23: Natural Gas | AA23: 10.842411 | AB23: 9.728503 | AC23: 10.224358 | AD23: 10.335342 | AE23: 9.132505 | AF23: 9.316335 | AG23: 8.602245 | AH23: 8.155818 | AI23: 8.48595 | AJ23: 8.926011 | AK23: 8.249247 | AL23: 8.032469 | AM23: 8.409932 | AN23: 8.23791 | AO23: 7.911719 | AP23: 8.16914 | AQ23: 8.677238 | AR23: 9.298853 | AS23: 9.579039 | AT23: 10.415082 | AU23: 10.013893 | AX23: Natural Gas | AY23: 69.377259 | AZ23: 70.038977 | BA23: 70.762108 | BB23: 72.300701 | BC23: 71.40163 | BD23: 70.986419 | BE23: 70.401361 | BF23: 71.744329 | BG23: 71.92771 | BH23: 69.332329 | BI23: 68.452901 | BJ23: 71.075947 | BK23: 69.285663 | BL23: 70.62084 | BM23: 70.914774 | BN23: 72.201683 | BO23: 71.560162 | BP23: 71.718983 | BQ23: 76.281277 | BR23: 73.4044 | BS23: 72.815548 | BV23: Natural Gas | BW23: 65.366848 | BX23: 64.174316 | BY23: 64.006321 | BZ23: 63.875521 | CA23: 61.749675 | CB23: 59.31116 | CC23: 57.824577 | CD23: 53.714505 | CE23: 53.492649 | CF23: 51.927425 | CG23: 51.594268 | CH23: 52.88543 | CI23: 53.786616 | CJ23: 52.371821 | CK23: 52.518402 | CL23: 51.474411 | CM23: 52.897997 | CN23: 53.209935 | CO23: 52.286308 | CP23: 51.724696 | CQ23: 51.693936 | CT23: Natural Gas | CU23: 86.594351 | CV23: 86.980879 | CW23: 86.236471 | CX23: 85.281856 | CY23: 83.371232 | CZ23: 83.355577 | DA23: 84.29258 | DB23: 83.880587 | DC23: 83.779857 | DD23: 83.052395 | DE23: 84.313569 | DF23: 85.339024 | DG23: 83.77112 | DH23: 85.179896 | DI23: 84.352958 | DJ23: 84.522599 | DK23: 83.737428 | DL23: 84.17472 | DM23: 84.801861 | DN23: 85.307954 | DO23: 84.731447 | DR23: Natural Gas | DS23: 93.327239 | DT23: 92.395828 | DU23: 93.34596 | DV23: 94.188361 | DW23: 93.920429 | DX23: 93.447398 | DY23: 92.860465 | DZ23: 93.152223 | EA23: 92.673913 | EB23: 92.04336 | EC23: 91.752203 | ED23: 91.667698 | EE23: 91.261545 | EF23: 91.080858 | EG23: 90.577424 | EH23: 90.68161 | EI23: 87.844224 | EJ23: 88.272623 | EK23: 88.566709 | EL23: 88.356236 | EM23: 87.982125 | EP23: Natural Gas | EQ23: 56.155337 | ER23: 55.349701 | ES23: 58.799719 | ET23: 58.579564 | EU23: 56.967051 | EV23: 57.550295 | EW23: 58.899089 | EX23: 57.771293 | EY23: 56.890294 | EZ23: 57.586621 | FA23: 54.482698 | FB23: 58.619531 | FC23: 57.380442 | FD23: 57.033963 | FE23: 56.272365 | FF23: 57.87789 | FG23: 57.473176 | FH23: 57.123612 | FI23: 55.59949 | FJ23: 55.945763 | FK23: 56.422762
B24: Heating Oil | C24: 49.777028 | D24: 51.039678 | E24: 52.605093 | F24: 49.662283 | G24: 47.48575 | H24: 43.888301 | I24: 43.658653 | J24: 45.376239 | K24: 45.427311 | L24: 43.355208 | M24: 46.318689 | N24: 47.62367 | O24: 43.623161 | P24: 35.045363 | Q24: 33.643518 | R24: 32.762349 | S24: 32.409838 | T24: 34.206052 | U24: 35.412705 | V24: 35.607643 | W24: 34.78027 | Z24: Heating Oil | AA24: 24.153368 | AB24: 24.414921 | AC24: 23.964863 | AD24: 22.220996 | AE24: 26.389944 | AF24: 22.972731 | AG24: 21.784822 | AH24: 21.13507 | AI24: 18.081616 | AJ24: 16.154447 | AK24: 15.139815 | AL24: 12.505462 | AM24: 11.090344 | AN24: 9.332355 | AO24: 8.844326 | AP24: 8.729249 | AQ24: 9.993685 | AR24: 7.608922 | AS24: 7.267428 | AT24: 6.866845 | AU24: 5.814761 | AX24: Heating Oil | AY24: 9.032935 | AZ24: 8.779278 | BA24: 9.179218 | BB24: 7.892953 | BC24: 7.520517 | BD24: 8.832688 | BE24: 8.561172 | BF24: 7.425831 | BG24: 6.369716 | BH24: 7.101616 | BI24: 7.469854 | BJ24: 5.703072 | BK24: 5.422396 | BL24: 5.161709 | BM24: 4.516609 | BN24: 4.24513 | BO24: 3.500671 | BP24: 2.913788 | BQ24: 2.623585 | BR24: 2.528769 | BS24: 2.369062 | BV24: Heating Oil | BW24: 1.867304 | BX24: 1.206201 | BY24: 0.838723 | BZ24: 0.796184 | CA24: 0.578702 | CB24: 0.617428 | CC24: 0.746855 | CD24: 0.66749 | CE24: 0.578982 | CF24: 0.477598 | CG24: 1.129416 | CH24: 0.493946 | CI24: 0.527449 | CJ24: 1.036516 | CK24: 0.650726 | CL24: 0.636933 | CM24: 0.339004 | CN24: 0.485238 | CO24: 0.510821 | CP24: 0.402254 | CQ24: 0.433837 | CT24: Heating Oil | CU24: 1.201961 | CV24: 0.802222 | CW24: 0.93545 | CX24: 1.119355 | CY24: 2.199199 | CZ24: 2.50577 | DA24: 2.100983 | DB24: 1.509396 | DC24: 1.253986 | DD24: 2.062607 | DE24: 1.659214 | DF24: 1.120337 | DG24: 1.906337 | DH24: 0.819994 | DI24: 0.754481 | DJ24: 0.894461 | DK24: 1.073262 | DL24: 1.114677 | DM24: 0.569066 | DN24: 0.553513 | DO24: 0.410845 | DR24: Heating Oil | DS24: 0.186299 | DT24: 0.066444 | DU24: 0.067264 | DV24: 0.03386 | DW24: 0.032584 | DX24: 0.05887 | DY24: 0.041371 | DZ24: 0.029344 | EA24: 0.042687 | EB24: 0.052968 | EC24: 0.050709 | ED24: 0.054799 | EE24: 0.020456 | EF24: 0.027566 | EG24: 0.019629 | EH24: 0.015751 | EI24: 0.003632 | EJ24: 0.001905 | EK24: 0.002256 | EL24: 0.014513 | EM24: 0.0088 | EP24: Heating Oil | EQ24: 7.360139 | ER24: 7.801504 | ES24: 3.041774 | ET24: 2.762252 | EU24: 4.210506 | EV24: 5.076731 | EW24: 5.159568 | EX24: 5.290927 | EY24: 3.947822 | EZ24: 3.78719 | FA24: 3.280967 | FB24: 2.244424 | FC24: 1.990494 | FD24: 1.778457 | FE24: 1.729007 | FF24: 1.679824 | FG24: 1.23413 | FH24: 0.816162 | FI24: 1.036616 | FJ24: 0.710178 | FK24: 0.625707
B25: Other2 | C25: 2.488183 | D25: 2.3998 | E25: 2.108751 | F25: 2.245906 | G25: 1.90699 | H25: 2.471215 | I25: 2.743483 | J25: 2.351946 | K25: 2.547968 | L25: 2.357515 | M25: 2.221794 | N25: 1.704931 | O25: 1.581101 | P25: 1.55686 | Q25: 1.515221 | R25: 1.665239 | S25: 1.583056 | T25: 1.488759 | U25: 0.995236 | V25: 1.223187 | W25: 0.917518 | Z25: Other2 | AA25: 0.532118 | AB25: 0.591608 | AC25: 0.586064 | AD25: 0.452791 | AE25: 0.455824 | AF25: 0.701257 | AG25: 0.576413 | AH25: 0.612443 | AI25: 0.511324 | AJ25: 0.460431 | AK25: 0.636153 | AL25: 0.639353 | AM25: 0.728722 | AN25: 0.705974 | AO25: 0.654457 | AP25: 0.700317 | AQ25: 0.753923 | AR25: 0.730416 | AS25: 0.753264 | AT25: 0.789391 | AU25: 0.64507 | AX25: Other2 | AY25: 1.381307 | AZ25: 1.397154 | BA25: 1.301053 | BB25: 1.343111 | BC25: 1.389507 | BD25: 1.788628 | BE25: 2.277194 | BF25: 2.281311 | BG25: 2.423193 | BH25: 2.288945 | BI25: 2.576092 | BJ25: 2.832135 | BK25: 3.697668 | BL25: 2.254198 | BM25: 1.981281 | BN25: 1.978788 | BO25: 3.025082 | BP25: 2.958963 | BQ25: 1.945346 | BR25: 2.241779 | BS25: 2.521062 | BV25: Other2 | BW25: 1.04057 | BX25: 1.269563 | BY25: 0.993796 | BZ25: 1.013433 | CA25: 1.011082 | CB25: 0.874187 | CC25: 1.04213 | CD25: 1.014392 | CE25: 1.071636 | CF25: 0.94791 | CG25: 0.712141 | CH25: 0.655415 | CI25: 0.845172 | CJ25: 0.761704 | CK25: 0.580983 | CL25: 0.648422 | CM25: 0.486625 | CN25: 0.818386 | CO25: 0.904558 | CP25: 0.919707 | CQ25: 1.075891 | CT25: Other2 | CU25: 2.913356 | CV25: 3.491843 | CW25: 3.822566 | CX25: 3.706871 | CY25: 4.367268 | CZ25: 4.048593 | DA25: 4.648759 | DB25: 5.001413 | DC25: 4.932004 | DD25: 4.236554 | DE25: 4.496754 | DF25: 2.918262 | DG25: 3.139599 | DH25: 2.392102 | DI25: 2.42752 | DJ25: 2.079572 | DK25: 1.665161 | DL25: 0.88073 | DM25: 0.857963 | DN25: 0.895444 | DO25: 0.591906 | DR25: Other2 | DS25: 1.147273 | DT25: 1.926068 | DU25: 1.472653 | DV25: 1.312777 | DW25: 1.121279 | DX25: 0.895306 | DY25: 0.890921 | DZ25: 0.838597 | EA25: 0.93275 | EB25: 0.883839 | EC25: 1.153382 | ED25: 1.302244 | EE25: 1.59605 | EF25: 1.392378 | EG25: 1.269701 | EH25: 1.220906 | EI25: 1.226439 | EJ25: 0.998932 | EK25: 1.183951 | EL25: 1.181115 | EM25: 1.146178 | EP25: Other2 | EQ25: 1.255346 | ER25: 1.525581 | ES25: 1.525382 | ET25: 1.655099 | EU25: 1.375779 | EV25: 2.098633 | EW25: 1.440311 | EX25: 1.746397 | EY25: 1.953279 | EZ25: 1.462211 | FA25: 1.848123 | FB25: 1.457863 | FC25: 1.434366 | FD25: 1.365823 | FE25: 1.203577 | FF25: 1.196424 | FG25: 0.978506 | FH25: 0.931526 | FI25: 1.489771 | FJ25: 1.433526 | FK25: 1.165271
B26: Wood | C26: 20.50679 | D26: 18.066171 | E26: 16.449663 | F26: 15.4367 | G26: 17.458977 | H26: 19.45795 | I26: 20.453667 | J26: 21.823226 | K26: 21.353746 | L26: 22.349784 | M26: 20.996779 | N26: 20.963902 | O26: 23.635991 | P26: 27.708757 | Q26: 27.505723 | R26: 28.511736 | S26: 26.58652 | T26: 23.370529 | U26: 22.397458 | V26: 19.614562 | W26: 19.859555 | Z26: Wood | AA26: 18.587013 | AB26: 17.853125 | AC26: 16.802059 | AD26: 15.727969 | AE26: 16.100063 | AF26: 17.992046 | AG26: 19.227899 | AH26: 20.60508 | AI26: 21.166485 | AJ26: 21.426056 | AK26: 21.418318 | AL26: 22.019411 | AM26: 22.494253 | AN26: 23.032734 | AO26: 22.62921 | AP26: 23.396891 | AQ26: 22.541934 | AR26: 21.492242 | AS26: 20.355547 | AT26: 18.614955 | AU26: 18.389031 | AX26: Wood | AY26: 6.299078 | AZ26: 5.651446 | BA26: 5.163914 | BB26: 4.537353 | BC26: 4.784132 | BD26: 4.827946 | BE26: 4.990374 | BF26: 5.17832 | BG26: 5.431709 | BH26: 5.902108 | BI26: 5.880754 | BJ26: 5.863427 | BK26: 6.164868 | BL26: 6.338125 | BM26: 6.438442 | BN26: 6.110279 | BO26: 6.761776 | BP26: 6.957024 | BQ26: 5.769205 | BR26: 5.506962 | BS26: 5.61354 | BV26: Wood | BW26: 6.872883 | BX26: 6.508478 | BY26: 6.091816 | BZ26: 5.169795 | CA26: 5.607646 | CB26: 5.773488 | CC26: 6.680654 | CD26: 6.054937 | CE26: 5.878321 | CF26: 5.963016 | CG26: 5.51273 | CH26: 5.52529 | CI26: 5.633684 | CJ26: 5.22088 | CK26: 4.814012 | CL26: 5.194589 | CM26: 5.424635 | CN26: 5.862068 | CO26: 6.351543 | CP26: 6.520615 | CQ26: 6.430173 | CT26: Wood | CU26: 4.438795 | CV26: 4.017352 | CW26: 4.050387 | CX26: 4.256912 | CY26: 4.03863 | CZ26: 3.639892 | DA26: 2.798761 | DB26: 2.493623 | DC26: 2.697323 | DD26: 2.550659 | DE26: 2.14013 | DF26: 2.263655 | DG26: 2.284158 | DH26: 2.096554 | DI26: 2.04619 | DJ26: 1.95301 | DK26: 2.363864 | DL26: 2.785049 | DM26: 2.740921 | DN26: 2.361528 | DO26: 2.375627 | DR26: Wood | DS26: 2.286579 | DT26: 1.939531 | DU26: 1.417484 | DV26: 0.884356 | DW26: 1.093885 | DX26: 1.349594 | DY26: 1.458454 | DZ26: 1.465659 | EA26: 1.412794 | EB26: 1.407637 | EC26: 1.289296 | ED26: 1.159995 | EE26: 1.038736 | EF26: 0.89312 | EG26: 0.824874 | EH26: 0.666201 | EI26: 2.069032 | EJ26: 2.96279 | EK26: 2.204878 | EL26: 1.496162 | EM26: 1.480541 | EP26: Wood | EQ26: 14.314589 | ER26: 13.806598 | ES26: 13.922286 | ET26: 13.757551 | EU26: 12.309861 | EV26: 10.750369 | EW26: 9.23343 | EX26: 8.662553 | EY26: 8.379712 | EZ26: 8.101079 | FA26: 8.1643 | FB26: 7.227371 | FC26: 6.927649 | FD26: 6.569688 | FE26: 6.234517 | FF26: 5.552133 | FG26: 6.439937 | FH26: 7.721414 | FI26: 7.382449 | FJ26: 7.095617 | FK26: 7.007998
B28: Activity | Z28: Activity | AX28: Activity | BV28: Activity | CT28: Activity | DR28: Activity | EP28: Activity
B29: Total Floor Space (million m2) | C29: 113.507 | D29: 115.348 | E29: 117.344 | F29: 119.772 | G29: 122.331 | H29: 124.631 | I29: 127.028 | J29: 129.429 | K29: 131.913 | L29: 134.207 | M29: 136.521 | N29: 139.004 | O29: 141.27 | P29: 143.565 | Q29: 145.416 | R29: 147.02 | S29: 148.59 | T29: 149.995 | U29: 151.639 | V29: 153.271 | W29: 155.005 | Z29: Total Floor Space (million m2) | AA29: 336.05 | AB29: 340.899 | AC29: 347.254 | AD29: 354.639 | AE29: 362.974 | AF29: 370.971 | AG29: 379.495 | AH29: 387.928 | AI29: 395.986 | AJ29: 403.385 | AK29: 410.988 | AL29: 418.754 | AM29: 427.708 | AN29: 435.66 | AO29: 443.222 | AP29: 449.783 | AQ29: 455.785 | AR29: 462.1 | AS29: 468.654 | AT29: 475.323 | AU29: 482.346 | AX29: Total Floor Space (million m2) | AY29: 597.715 | AZ29: 610.454 | BA29: 624.774 | BB29: 638.436 | BC29: 652.623 | BD29: 665.992 | BE29: 679.346 | BF29: 691.209 | BG29: 703.358 | BH29: 713.205 | BI29: 723.928 | BJ29: 735.03 | BK29: 746.765 | BL29: 758.201 | BM29: 769.284 | BN29: 781.726 | BO29: 794.378 | BP29: 806.606 | BQ29: 823.977 | BR29: 840.774 | BS29: 856.336 | BV29: Total Floor Space (million m2) | BW29: 50.362 | BX29: 51.164 | BY29: 51.978 | BZ29: 52.841 | CA29: 53.881 | CB29: 54.924 | CC29: 56.039 | CD29: 57.211 | CE29: 58.442 | CF29: 59.631 | CG29: 60.767 | CH29: 62.07 | CI29: 62.972 | CJ29: 64.07 | CK29: 64.997 | CL29: 65.892 | CM29: 67.012 | CN29: 68.141 | CO29: 69.386 | CP29: 70.542 | CQ29: 71.722 | CT29: Total Floor Space (million m2) | CU29: 46.59 | CV29: 47.252 | CW29: 47.942 | CX29: 48.723 | CY29: 49.509 | CZ29: 50.341 | DA29: 51.182 | DB29: 52.266 | DC29: 53.572 | DD29: 54.667 | DE29: 55.782 | DF29: 57.148 | DG29: 58.612 | DH29: 60.155 | DI29: 61.804 | DJ29: 63.153 | DK29: 64.288 | DL29: 65.353 | DM29: 66.246 | DN29: 66.918 | DO29: 67.496 | DR29: Total Floor Space (million m2) | DS29: 141.072 | DT29: 145.057 | DU29: 149.625 | DV29: 154.614 | DW29: 159.514 | DX29: 164.663 | DY29: 170.438 | DZ29: 176.645 | EA29: 182.283 | EB29: 186.278 | EC29: 190.627 | ED29: 194.49 | EE29: 200.003 | EF29: 206.5 | EG29: 213.341 | EH29: 220.884 | EI29: 226.119 | EJ29: 230.289 | EK29: 234.295 | EL29: 238.414 | EM29: 242.406 | EP29: Total Floor Space (million m2) | EQ29: 214.788 | ER29: 217.762 | ES29: 221.339 | ET29: 225.316 | EU29: 230.305 | EV29: 235.65 | EW29: 241.721 | EX29: 247.996 | EY29: 253.611 | EZ29: 258.791 | FA29: 263.444 | FB29: 268.134 | FC29: 272.772 | FD29: 277.573 | FE29: 282.154 | FF29: 286.599 | FG29: 291.2 | FH29: 296.444 | FI29: 302.381 | FJ29: 308.447 | FK29: 314.567
B31: Energy Intensity (GJ/m2) | C31: 0.573942 | D31: 0.562004 | E31: 0.580986 | F31: 0.530126 | G31: 0.546896 | H31: 0.506956 | I31: 0.484591 | J31: 0.573482 | K31: 0.57918 | L31: 0.583875 | M31: 0.556309 | N31: 0.617398 | O31: 0.534685 | P31: 0.512102 | Q31: 0.533473 | R31: 0.555528 | S31: 0.492507 | T31: 0.494943 | U31: 0.481447 | V31: 0.459826 | W31: 0.419923 | Z31: Energy Intensity (GJ/m2) | AA31: 0.568255 | AB31: 0.504575 | AC31: 0.526363 | AD31: 0.551228 | AE31: 0.592731 | AF31: 0.544968 | AG31: 0.502961 | AH31: 0.564881 | AI31: 0.540682 | AJ31: 0.539135 | AK31: 0.470314 | AL31: 0.481427 | AM31: 0.454667 | AN31: 0.485077 | AO31: 0.507617 | AP31: 0.485044 | AQ31: 0.463084 | AR31: 0.458368 | AS31: 0.465855 | AT31: 0.466393 | AU31: 0.419083 | AX31: Energy Intensity (GJ/m2) | AY31: 0.576766 | AZ31: 0.518288 | BA31: 0.532505 | BB31: 0.57302 | BC31: 0.539794 | BD31: 0.53909 | BE31: 0.47828 | BF31: 0.531346 | BG31: 0.535523 | BH31: 0.50212 | BI31: 0.465584 | BJ31: 0.497277 | BK31: 0.43164 | BL31: 0.493789 | BM31: 0.502423 | BN31: 0.485498 | BO31: 0.431206 | BP31: 0.444211 | BQ31: 0.487634 | BR31: 0.419998 | BS31: 0.367416 | BV31: Energy Intensity (GJ/m2) | BW31: 0.56241 | BX31: 0.495551 | BY31: 0.521591 | BZ31: 0.498679 | CA31: 0.513182 | CB31: 0.455695 | CC31: 0.385166 | CD31: 0.473535 | CE31: 0.507993 | CF31: 0.490892 | CG31: 0.433436 | CH31: 0.455265 | CI31: 0.413772 | CJ31: 0.530254 | CK31: 0.536264 | CL31: 0.431883 | CM31: 0.434315 | CN31: 0.445027 | CO31: 0.493873 | CP31: 0.495097 | CQ31: 0.450525 | CT31: Energy Intensity (GJ/m2) | CU31: 0.696511 | CV31: 0.655944 | CW31: 0.694864 | CX31: 0.604657 | CY31: 0.579089 | CZ31: 0.530007 | DA31: 0.541681 | DB31: 0.521771 | DC31: 0.536925 | DD31: 0.556825 | DE31: 0.566752 | DF31: 0.522567 | DG31: 0.504236 | DH31: 0.534927 | DI31: 0.533252 | DJ31: 0.465344 | DK31: 0.441593 | DL31: 0.476737 | DM31: 0.532893 | DN31: 0.552997 | DO31: 0.485494 | DR31: Energy Intensity (GJ/m2) | DS31: 0.916937 | DT31: 0.757616 | DU31: 0.839414 | DV31: 0.818504 | DW31: 0.783518 | DX31: 0.681889 | DY31: 0.674774 | DZ31: 0.781361 | EA31: 0.745137 | EB31: 0.729585 | EC31: 0.663185 | ED31: 0.691462 | EE31: 0.667299 | EF31: 0.662345 | EG31: 0.648497 | EH31: 0.588274 | EI31: 0.498679 | EJ31: 0.598169 | EK31: 0.630437 | EL31: 0.618995 | EM31: 0.585083 | EP31: Energy Intensity (GJ/m2) | EQ31: 0.431426 | ER31: 0.410269 | ES31: 0.394025 | ET31: 0.354388 | EU31: 0.337294 | EV31: 0.359924 | EW31: 0.358162 | EX31: 0.355158 | EY31: 0.360662 | EZ31: 0.342816 | FA31: 0.28439 | FB31: 0.336924 | FC31: 0.309336 | FD31: 0.299497 | FE31: 0.282878 | FF31: 0.257405 | FG31: 0.260474 | FH31: 0.277531 | FI31: 0.267547 | FJ31: 0.27786 | FK31: 0.266687
B34: Total Space Heating GHG Emissions Excluding Electricity (Mt of CO2e) | C34: 2.708891 | D34: 2.714517 | E34: 2.892136 | F34: 2.580049 | G34: 2.641773 | H34: 2.383783 | I34: 2.330753 | J34: 2.892721 | K34: 2.980833 | L34: 2.967026 | M34: 2.99636 | N34: 3.432752 | O34: 2.853393 | P34: 2.406521 | Q34: 2.453082 | R34: 2.559929 | S34: 2.241712 | T34: 2.308923 | U34: 2.298685 | V34: 2.194492 | W34: 1.980006 | Z34: Total Space Heating GHG Emissions Excluding Electricity (Mt of CO2e) | AA34: 5.190469 | AB34: 4.58919 | AC34: 4.814894 | AD34: 4.849599 | AE34: 5.86363 | AF34: 5.157742 | AG34: 4.67906 | AH34: 5.299904 | AI34: 4.764344 | AJ34: 4.595844 | AK34: 3.901078 | AL34: 3.699889 | AM34: 3.444261 | AN34: 3.482655 | AO34: 3.561388 | AP34: 3.515875 | AQ34: 3.610377 | AR34: 3.278287 | AS34: 3.301179 | AT34: 3.293864 | AU34: 2.784255 | AX34: Total Space Heating GHG Emissions Excluding Electricity (Mt of CO2e) | AY34: 14.900598 | AZ34: 13.65981 | BA34: 14.490143 | BB34: 15.774604 | BC34: 14.947128 | BD34: 15.544945 | BE34: 13.966091 | BF34: 15.754743 | BG34: 15.977799 | BH34: 14.914895 | BI34: 14.047183 | BJ34: 15.30012 | BK34: 13.38612 | BL34: 15.425545 | BM34: 15.698981 | BN34: 15.5691 | BO34: 14.127137 | BP34: 14.665749 | BQ34: 16.84644 | BR34: 14.3239 | BS34: 12.697466 | BV34: Total Space Heating GHG Emissions Excluding Electricity (Mt of CO2e) | BW34: 1.021161 | BX34: 0.887285 | BY34: 0.930146 | BZ34: 0.892405 | CA34: 0.904432 | CB34: 0.786072 | CC34: 0.667909 | CD34: 0.777772 | CE34: 0.847398 | CF34: 0.808457 | CG34: 0.727543 | CH34: 0.785482 | CI34: 0.739269 | CJ34: 0.945471 | CK34: 0.953344 | CL34: 0.774379 | CM34: 0.805148 | CN34: 0.858744 | CO34: 0.961214 | CP34: 0.969046 | CQ34: 0.89919 | CT34: Total Space Heating GHG Emissions Excluding Electricity (Mt of CO2e) | CU34: 1.507486 | CV34: 1.454806 | CW34: 1.568086 | CX34: 1.379017 | CY34: 1.356377 | CZ34: 1.26166 | DA34: 1.322929 | DB34: 1.29132 | DC34: 1.355113 | DD34: 1.414697 | DE34: 1.483026 | DF34: 1.358798 | DG34: 1.340199 | DH34: 1.432677 | DI34: 1.447203 | DJ34: 1.277191 | DK34: 1.236243 | DL34: 1.346073 | DM34: 1.527351 | DN34: 1.607402 | DO34: 1.404812 | DR34: Total Space Heating GHG Emissions Excluding Electricity (Mt of CO2e) | DS34: 6.312941 | DT34: 5.349813 | DU34: 6.102737 | DV34: 6.147282 | DW34: 6.035124 | DX34: 5.372472 | DY34: 5.467732 | DZ34: 6.570324 | EA34: 6.443445 | EB34: 6.423505 | EC34: 5.961631 | ED34: 6.335621 | EE34: 6.27754 | EF34: 6.39091 | EG34: 6.39858 | EH34: 5.990673 | EI34: 5.128369 | EJ34: 6.30573 | EK34: 6.75588 | EL34: 6.710761 | EM34: 6.418517 | EP34: Total Space Heating GHG Emissions Excluding Electricity (Mt of CO2e) | EQ34: 3.50573 | ER34: 3.37073 | ES34: 3.143449 | ET34: 2.845537 | EU34: 2.740467 | EV34: 3.080645 | EW34: 3.131676 | EX34: 3.148569 | EY34: 3.148493 | EZ34: 3.032902 | FA34: 2.43567 | FB34: 3.007416 | FC34: 2.717936 | FD34: 2.646293 | FE34: 2.488617 | FF34: 2.360107 | FG34: 2.40747 | FH34: 2.610845 | FI34: 2.538235 | FJ34: 2.675294 | FK34: 2.618309
B35: GHG Emissions by Energy Source (Mt of CO2e) | Z35: GHG Emissions by Energy Source (Mt of CO2e) | AX35: GHG Emissions by Energy Source (Mt of CO2e) | BV35: GHG Emissions by Energy Source (Mt of CO2e) | CT35: GHG Emissions by Energy Source (Mt of CO2e) | DR35: GHG Emissions by Energy Source (Mt of CO2e) | EP35: GHG Emissions by Energy Source (Mt of CO2e)
B36: Electricity | C36: – | D36: – | E36: – | F36: – | G36: – | H36: – | I36: – | J36: – | K36: – | L36: – | M36: – | N36: – | O36: – | P36: – | Q36: – | R36: – | S36: – | T36: – | U36: – | V36: – | W36: – | Z36: Electricity | AA36: – | AB36: – | AC36: – | AD36: – | AE36: – | AF36: – | AG36: – | AH36: – | AI36: – | AJ36: – | AK36: – | AL36: – | AM36: – | AN36: – | AO36: – | AP36: – | AQ36: – | AR36: – | AS36: – | AT36: – | AU36: – | AX36: Electricity | AY36: – | AZ36: – | BA36: – | BB36: – | BC36: – | BD36: – | BE36: – | BF36: – | BG36: – | BH36: – | BI36: – | BJ36: – | BK36: – | BL36: – | BM36: – | BN36: – | BO36: – | BP36: – | BQ36: – | BR36: – | BS36: – | BV36: Electricity | BW36: – | BX36: – | BY36: – | BZ36: – | CA36: – | CB36: – | CC36: – | CD36: – | CE36: – | CF36: – | CG36: – | CH36: – | CI36: – | CJ36: – | CK36: – | CL36: – | CM36: – | CN36: – | CO36: – | CP36: – | CQ36: – | CT36: Electricity | CU36: – | CV36: – | CW36: – | CX36: – | CY36: – | CZ36: – | DA36: – | DB36: – | DC36: – | DD36: – | DE36: – | DF36: – | DG36: – | DH36: – | DI36: – | DJ36: – | DK36: – | DL36: – | DM36: – | DN36: – | DO36: – | DR36: Electricity | DS36: – | DT36: – | DU36: – | DV36: – | DW36: – | DX36: – | DY36: – | DZ36: – | EA36: – | EB36: – | EC36: – | ED36: – | EE36: – | EF36: – | EG36: – | EH36: – | EI36: – | EJ36: – | EK36: – | EL36: – | EM36: – | EP36: Electricity | EQ36: – | ER36: – | ES36: – | ET36: – | EU36: – | EV36: – | EW36: – | EX36: – | EY36: – | EZ36: – | FA36: – | FB36: – | FC36: – | FD36: – | FE36: – | FF36: – | FG36: – | FH36: – | FI36: – | FJ36: – | FK36: –
B37: Natural Gas | C37: 0 | D37: 0 | E37: 0 | F37: 0.028131 | G37: 0.03763 | H37: 0.032916 | I37: 0.025632 | J37: 0.016157 | K37: 0.017201 | L37: 0.032598 | M37: 0.023294 | N37: 0.021128 | O37: 0.021683 | P37: 0.030244 | Q37: 0.028567 | R37: 0.031827 | S37: 0.032188 | T37: 0.033783 | U37: 0.03616 | V37: 0.038215 | W37: 0.034966 | Z37: Natural Gas | AA37: 1.029075 | AB37: 0.830236 | AC37: 0.924825 | AD37: 0.995198 | AE37: 0.965833 | AF37: 0.92298 | AG37: 0.800694 | AH37: 0.871859 | AI37: 0.887626 | AJ37: 0.947959 | AK37: 0.777799 | AL37: 0.790036 | AM37: 0.799211 | AN37: 0.849264 | AO37: 0.864112 | AP37: 0.872914 | AQ37: 0.900127 | AR37: 0.972219 | AS37: 1.031403 | AT37: 1.138696 | AU37: 0.998311 | AX37: Natural Gas | AY37: 11.894579 | AZ37: 11.001469 | BA37: 11.658378 | BB37: 13.038095 | BC37: 12.374114 | BD37: 12.496065 | BE37: 11.159847 | BF37: 12.860906 | BG37: 13.237591 | BH37: 12.113027 | BI37: 11.264764 | BJ37: 12.684864 | BK37: 10.949673 | BL37: 12.981198 | BM37: 13.407846 | BN37: 13.422394 | BO37: 12.099264 | BP37: 12.691943 | BQ37: 15.076238 | BR37: 12.750132 | BS37: 11.269188 | BV37: Natural Gas | BW37: 0.919976 | BX37: 0.80718 | BY37: 0.858776 | BZ37: 0.829217 | CA37: 0.839581 | CB37: 0.727799 | CC37: 0.608858 | CD37: 0.709617 | CE37: 0.77477 | CF37: 0.740581 | CG37: 0.660875 | CH37: 0.727589 | CI37: 0.681574 | CJ37: 0.863013 | CK37: 0.885466 | CL37: 0.715524 | CM37: 0.752416 | CN37: 0.791393 | CO37: 0.878729 | CP37: 0.885966 | CQ37: 0.819201 | CT37: Natural Gas | CU37: 1.36628 | CV37: 1.31442 | CW37: 1.403376 | CX37: 1.227158 | CY37: 1.170345 | CZ37: 1.09021 | DA37: 1.140083 | DB37: 1.115405 | DC37: 1.175889 | DD37: 1.2318 | DE37: 1.29474 | DF37: 1.240713 | DG37: 1.205035 | DH37: 1.330647 | DI37: 1.346689 | DJ37: 1.197688 | DK37: 1.162399 | DL37: 1.284297 | DM37: 1.471855 | DN37: 1.552096 | DO37: 1.365125 | DR37: Natural Gas | DS37: 6.135665 | DT37: 5.154106 | DU37: 5.93863 | DV37: 6.012623 | DW37: 5.911948 | DX37: 5.270722 | DY37: 5.362308 | DZ37: 6.44515 | EA37: 6.311502 | EB37: 6.292949 | EC37: 5.8221 | ED37: 6.177425 | EE37: 6.106429 | EF37: 6.236014 | EG37: 6.257121 | EH37: 5.870059 | EI37: 4.987377 | EJ37: 6.125552 | EK37: 6.572218 | EL37: 6.550795 | EM37: 6.268909 | EP37: Natural Gas | EQ37: 2.640201 | ER37: 2.503872 | ES37: 2.58902 | ET37: 2.350454 | EU37: 2.218729 | EV37: 2.438952 | EW37: 2.545492 | EX37: 2.542748 | EY37: 2.603148 | EZ37: 2.546434 | FA37: 2.032986 | FB37: 2.629696 | FC37: 2.387411 | FD37: 2.343716 | FE37: 2.215115 | FF37: 2.122041 | FG37: 2.181001 | FH37: 2.367204 | FI37: 2.264784 | FJ37: 2.41421 | FK37: 2.383258
B38: Heating Oil | C38: 2.296048 | D38: 2.344364 | E38: 2.540873 | F38: 2.234548 | G38: 2.251837 | H38: 1.966687 | I38: 1.906186 | J38: 2.389429 | K38: 2.461481 | L38: 2.410199 | M38: 2.495409 | N38: 2.899663 | O38: 2.339433 | P38: 1.827909 | Q38: 1.851573 | R38: 1.898104 | S38: 1.681795 | T38: 1.800131 | U38: 1.834121 | V38: 1.77894 | W38: 1.604971 | Z38: Heating Oil | AA38: 3.265767 | AB38: 2.975606 | AC38: 3.103394 | AD38: 3.078282 | AE38: 4.024431 | AF38: 3.293917 | AG38: 2.949272 | AH38: 3.285686 | AI38: 2.745602 | AJ38: 2.492442 | AK38: 2.075908 | AL38: 1.788628 | AM38: 1.531195 | AN38: 1.399159 | AO38: 1.411682 | AP38: 1.350903 | AQ38: 1.495685 | AR38: 1.142468 | AS38: 1.125625 | AT38: 1.079105 | AU38: 0.833314 | AX38: Heating Oil | AY38: 2.204868 | AZ38: 1.968124 | BA38: 2.163622 | BB38: 2.046225 | BC38: 1.877895 | BD38: 2.249119 | BE38: 1.972996 | BF38: 1.934841 | BG38: 1.701587 | BH38: 1.804241 | BI38: 1.785976 | BJ38: 1.478916 | BK38: 1.240914 | BL38: 1.371 | BM38: 1.238463 | BN38: 1.142867 | BO38: 0.850274 | BP38: 0.74008 | BQ38: 0.747851 | BR38: 0.632997 | BS38: 0.528442 | BV38: Heating Oil | BW38: 0.037448 | BX38: 0.021669 | BY38: 0.01611 | BZ38: 0.014867 | CA38: 0.011342 | CB38: 0.01096 | CC38: 0.011434 | CD38: 0.012829 | CE38: 0.012191 | CF38: 0.009918 | CG38: 0.021102 | CH38: 0.009903 | CI38: 0.009757 | CJ38: 0.024982 | CK38: 0.016091 | CL38: 0.012858 | CM38: 0.006996 | CN38: 0.010431 | CO38: 0.012418 | CP38: 0.009959 | CQ38: 0.009938 | CT38: Heating Oil | CU38: 0.027617 | CV38: 0.017618 | CW38: 0.022078 | CX38: 0.023369 | CY38: 0.044692 | CZ38: 0.047417 | DA38: 0.041314 | DB38: 0.029203 | DC38: 0.025581 | DD38: 0.044543 | DE38: 0.03721 | DF38: 0.023737 | DG38: 0.04 | DH38: 0.018719 | DI38: 0.017641 | DJ38: 0.018646 | DK38: 0.021605 | DL38: 0.024619 | DM38: 0.014252 | DN38: 0.01452 | DO38: 0.009545 | DR38: Heating Oil | DS38: 0.017063 | DT38: 0.005174 | DU38: 0.005985 | DV38: 0.003037 | DW38: 0.002887 | DX38: 0.004688 | DY38: 0.003375 | DZ38: 0.002873 | EA38: 0.004112 | EB38: 0.005107 | EC38: 0.004548 | ED38: 0.005228 | EE38: 0.001938 | EF38: 0.002675 | EG38: 0.001927 | EH38: 0.001452 | EI38: 0.00029 | EJ38: 0.000186 | EK38: 0.000236 | EL38: 0.001518 | EM38: 0.000885 | EP38: Heating Oil | EQ38: 0.482905 | ER38: 0.493853 | ES38: 0.187949 | ET38: 0.156301 | EU38: 0.231835 | EV38: 0.305387 | EW38: 0.316831 | EX38: 0.330607 | EY38: 0.256098 | EZ38: 0.238365 | FA38: 0.174371 | FB38: 0.143853 | FC38: 0.119244 | FD38: 0.104889 | FE38: 0.097903 | FF38: 0.087906 | FG38: 0.066376 | FH38: 0.047599 | FI38: 0.059495 | FJ38: 0.043146 | FK38: 0.037214
B39: Other2 | C39: 0.099132 | D39: 0.09514 | E39: 0.08792 | F39: 0.08721 | G39: 0.078024 | H39: 0.095488 | I39: 0.10328 | J39: 0.106762 | K39: 0.119051 | L39: 0.112977 | M39: 0.103195 | N39: 0.089483 | O39: 0.073038 | P39: 0.07 | Q39: 0.071885 | R39: 0.083176 | S39: 0.070849 | T39: 0.067592 | U39: 0.044435 | V39: 0.052721 | W39: 0.036523 | Z39: Other2 | AA39: 0.062143 | AB39: 0.062233 | AC39: 0.065511 | AD39: 0.054132 | AE39: 0.059975 | AF39: 0.086702 | AG39: 0.067284 | AH39: 0.082075 | AI39: 0.066951 | AJ39: 0.061238 | AK39: 0.0752 | AL39: 0.078826 | AM39: 0.086665 | AN39: 0.09124 | AO39: 0.090049 | AP39: 0.093437 | AQ39: 0.097316 | AR39: 0.094615 | AS39: 0.100575 | AT39: 0.107022 | AU39: 0.079745 | AX39: Other2 | AY39: 0.291222 | AZ39: 0.270339 | BA39: 0.264716 | BB39: 0.300496 | BC39: 0.299358 | BD39: 0.392726 | BE39: 0.452493 | BF39: 0.512401 | BG39: 0.55819 | BH39: 0.501299 | BI39: 0.531 | BJ39: 0.633077 | BK39: 0.728908 | BL39: 0.516128 | BM39: 0.468318 | BN39: 0.459283 | BO39: 0.633708 | BP39: 0.64838 | BQ39: 0.478019 | BR39: 0.484126 | BS39: 0.485093 | BV39: Other2 | BW39: 0.018025 | BX39: 0.019685 | BY39: 0.016477 | BZ39: 0.016331 | CA39: 0.017098 | CB39: 0.013381 | CC39: 0.013756 | CD39: 0.016807 | CE39: 0.019457 | CF39: 0.016969 | CG39: 0.011471 | CH39: 0.011327 | CI39: 0.013468 | CJ39: 0.015826 | CK39: 0.012384 | CL39: 0.011285 | CM39: 0.008661 | CN39: 0.015177 | CO39: 0.018957 | CP39: 0.019644 | CQ39: 0.021261 | CT39: Other2 | CU39: 0.079766 | CV39: 0.093529 | CW39: 0.110947 | CX39: 0.099041 | CY39: 0.11415 | CZ39: 0.101228 | DA39: 0.123311 | DB39: 0.130743 | DC39: 0.135424 | DD39: 0.120122 | DE39: 0.135188 | DF39: 0.078474 | DG39: 0.079312 | DH39: 0.067468 | DI39: 0.067038 | DJ39: 0.047379 | DK39: 0.036481 | DL39: 0.016781 | DM39: 0.018523 | DN39: 0.020265 | DO39: 0.011862 | DR39: Other2 | DS39: 0.090758 | DT39: 0.14048 | DU39: 0.116315 | DV39: 0.105342 | DW39: 0.088186 | DX39: 0.061478 | DY39: 0.062662 | DZ39: 0.074797 | EA39: 0.08277 | EB39: 0.080526 | EC39: 0.096709 | ED39: 0.116335 | EE39: 0.13662 | EF39: 0.123536 | EG39: 0.112734 | EH39: 0.098834 | EI39: 0.085916 | EJ39: 0.084154 | EK39: 0.106949 | EL39: 0.106599 | EM39: 0.099415 | EP39: Other2 | EQ39: 0.071141 | ER39: 0.083354 | ES39: 0.081358 | ET39: 0.080823 | EU39: 0.065358 | EV39: 0.122195 | EW39: 0.08164 | EX39: 0.096049 | EY39: 0.109263 | EZ39: 0.079334 | FA39: 0.084678 | FB39: 0.080545 | FC39: 0.074017 | FD39: 0.069439 | FE39: 0.058749 | FF39: 0.053978 | FG39: 0.04539 | FH39: 0.046869 | FI39: 0.073708 | FJ39: 0.075137 | FK39: 0.059784
B40: Wood | C40: 0.313711 | D40: 0.275013 | E40: 0.263343 | F40: 0.23016 | G40: 0.274283 | H40: 0.288691 | I40: 0.295655 | J40: 0.380373 | K40: 0.383101 | L40: 0.411253 | M40: 0.374462 | N40: 0.422479 | O40: 0.419239 | P40: 0.478369 | Q40: 0.501057 | R40: 0.546821 | S40: 0.45688 | T40: 0.407417 | U40: 0.383969 | V40: 0.324616 | W40: 0.303546 | Z40: Wood | AA40: 0.833483 | AB40: 0.721115 | AC40: 0.721164 | AD40: 0.721988 | AE40: 0.813391 | AF40: 0.854143 | AG40: 0.86181 | AH40: 1.060283 | AI40: 1.064165 | AJ40: 1.094205 | AK40: 0.97217 | AL40: 1.042399 | AM40: 1.027191 | AN40: 1.142991 | AO40: 1.195545 | AP40: 1.198621 | AQ40: 1.117249 | AR40: 1.068985 | AS40: 1.043576 | AT40: 0.969041 | AU40: 0.872885 | AX40: Wood | AY40: 0.509929 | AZ40: 0.419878 | BA40: 0.403426 | BB40: 0.389788 | BC40: 0.395761 | BD40: 0.407035 | BE40: 0.380754 | BF40: 0.446595 | BG40: 0.48043 | BH40: 0.496327 | BI40: 0.465442 | BJ40: 0.503262 | BK40: 0.466625 | BL40: 0.557219 | BM40: 0.584354 | BN40: 0.544555 | BO40: 0.543892 | BP40: 0.585347 | BQ40: 0.544332 | BR40: 0.456644 | BS40: 0.414743 | BV40: Wood | BW40: 0.045712 | BX40: 0.03875 | BY40: 0.038783 | BZ40: 0.031989 | CA40: 0.036411 | CB40: 0.033932 | CC40: 0.033861 | CD40: 0.03852 | CE40: 0.04098 | CF40: 0.040988 | CG40: 0.034095 | CH40: 0.036664 | CI40: 0.03447 | CJ40: 0.04165 | CK40: 0.039402 | CL40: 0.034713 | CM40: 0.037074 | CN40: 0.041743 | CO40: 0.05111 | CP40: 0.053477 | CQ40: 0.04879 | CT40: Wood | CU40: 0.033824 | CV40: 0.029239 | CW40: 0.031685 | CX40: 0.029449 | CY40: 0.027189 | CZ40: 0.022805 | DA40: 0.018221 | DB40: 0.015969 | DC40: 0.018219 | DD40: 0.018232 | DE40: 0.015888 | DF40: 0.015874 | DG40: 0.015852 | DH40: 0.015842 | DI40: 0.015836 | DJ40: 0.013478 | DK40: 0.015758 | DL40: 0.020376 | DM40: 0.022721 | DN40: 0.020521 | DO40: 0.01828 | DR40: Wood | DS40: 0.069455 | DT40: 0.050052 | DU40: 0.041806 | DV40: 0.026281 | DW40: 0.032104 | DX40: 0.035584 | DY40: 0.039387 | DZ40: 0.047504 | EA40: 0.045061 | EB40: 0.044923 | EC40: 0.038275 | ED40: 0.036632 | EE40: 0.032554 | EF40: 0.028685 | EG40: 0.026798 | EH40: 0.020328 | EI40: 0.054785 | EJ40: 0.095838 | EK40: 0.076477 | EL40: 0.051849 | EM40: 0.049308 | EP40: Wood | EQ40: 0.311483 | ER40: 0.289652 | ES40: 0.285123 | ET40: 0.25796 | EU40: 0.224545 | EV40: 0.214111 | EW40: 0.187714 | EX40: 0.179164 | EY40: 0.179985 | EZ40: 0.168769 | FA40: 0.143635 | FB40: 0.153322 | FC40: 0.137264 | FD40: 0.128249 | FE40: 0.11685 | FF40: 0.096181 | FG40: 0.114703 | FH40: 0.149173 | FI40: 0.140247 | FJ40: 0.142802 | FK40: 0.138054
B42: GHG Intensity (tonne/TJ) | C42: 41.581416 | D42: 41.874007 | E42: 42.422205 | F42: 40.634205 | G42: 39.487096 | H42: 37.728469 | I42: 37.863571 | J42: 38.972213 | K42: 39.015548 | L42: 37.863896 | M42: 39.452843 | N42: 39.998979 | O42: 37.775747 | P42: 32.732818 | Q42: 31.62186 | R42: 31.343369 | S42: 30.632236 | T42: 31.101297 | U42: 31.486268 | V42: 31.13736 | W42: 30.419393 | Z42: GHG Intensity (tonne/TJ) | AA42: 27.180589 | AB42: 26.67995 | AC42: 26.342344 | AD42: 24.807777 | AE42: 27.254222 | AF42: 25.512246 | AG42: 24.514222 | AH42: 24.185758 | AI42: 22.252671 | AJ42: 21.132358 | AK42: 20.182124 | AL42: 18.35268 | AM42: 17.711513 | AN42: 16.479813 | AO42: 15.829307 | AP42: 16.115689 | AQ42: 17.105395 | AR42: 15.477339 | AS42: 15.120525 | AT42: 14.858154 | AU42: 13.77369 | AX42: GHG Intensity (tonne/TJ) | AY42: 43.222491 | AZ42: 43.173788 | BA42: 43.553852 | BB42: 43.119279 | BC42: 42.429432 | BD42: 43.29709 | BE42: 42.983535 | BF42: 42.896831 | BG42: 42.419172 | BH42: 41.648397 | BI42: 41.676907 | BJ42: 41.859231 | BK42: 41.528803 | BL42: 41.201631 | BM42: 40.617727 | BN42: 41.022462 | BO42: 41.242192 | BP42: 40.931125 | BQ42: 41.927515 | BR42: 40.563431 | BS42: 40.356598 | BV42: GHG Intensity (tonne/TJ) | BW42: 36.053019 | BX42: 34.995494 | BY42: 34.308436 | BZ42: 33.866629 | CA42: 32.708912 | CB42: 31.406901 | CC42: 30.944168 | CD42: 28.709003 | CE42: 28.543443 | CF42: 27.618517 | CG42: 27.622796 | CH42: 27.796647 | CI42: 28.372334 | CJ42: 27.829903 | CK42: 27.351084 | CL42: 27.21154 | CM42: 27.664168 | CN42: 28.318501 | CO42: 28.050162 | CP42: 27.746446 | CQ42: 27.828064 | CT42: GHG Intensity (tonne/TJ) | CU42: 46.454862 | CV42: 46.936987 | CW42: 47.071086 | CX42: 46.808746 | CY42: 47.309979 | CZ42: 47.286717 | DA42: 47.717594 | DB42: 47.351165 | DC42: 47.111368 | DD42: 46.474711 | DE42: 46.909511 | DF42: 45.49998 | DG42: 45.34736 | DH42: 44.523024 | DI42: 43.911851 | DJ42: 43.459545 | DK42: 43.546646 | DL42: 43.204023 | DM42: 43.265541 | DN42: 43.436852 | DO42: 42.869989 | DR42: GHG Intensity (tonne/TJ) | DS42: 48.803494 | DT42: 48.680021 | DU42: 48.589784 | DV42: 48.575164 | DW42: 48.287923 | DX42: 47.848036 | DY42: 47.54241 | DZ42: 47.602833 | EA42: 47.439097 | EB42: 47.264484 | EC42: 47.157024 | ED42: 47.111143 | EE42: 47.036319 | EF42: 46.725956 | EG42: 46.248937 | EH42: 46.103196 | EI42: 45.480007 | EJ42: 45.776018 | EK42: 45.738039 | EL42: 45.472831 | EM42: 45.255801 | EP42: GHG Intensity (tonne/TJ) | EQ42: 37.832263 | ER42: 37.728885 | ES42: 36.043249 | ET42: 35.636328 | EU42: 35.27875 | EV42: 36.321547 | EW42: 36.172888 | EX42: 35.747627 | EY42: 34.42186 | EZ42: 34.186024 | FA42: 32.509948 | FB42: 33.289691 | FC42: 32.211348 | FD42: 31.832263 | FE42: 31.179685 | FF42: 31.991865 | FG42: 31.739894 | FH42: 31.73414 | FI42: 31.374542 | FJ42: 31.215155 | FK42: 31.21087
